XB.ELYSE.02.BHV.2019-07-26HR12_evid0033.mseed,2019-07-26T12:12:30.860000,750.85
XB.ELYSE.02.BHV.2019-07-26HR12_evid0033.mseed,2019-07-26T12:42:17.560000,2537.55
XB.ELYSE.02.BHV.2019-07-26HR12_evid0034.mseed,2019-07-26T12:12:30.810000,750.8
XB.ELYSE.02.BHV.2019-07-26HR12_evid0034.mseed,2019-07-26T12:42:17.510000,2537.5
XB.ELYSE.02.BHV.2019-05-23HR02_evid0041.mseed,2019-05-23T02:38:10.032000,2290.0
XB.ELYSE.02.BHV.2022-05-04HR23_evid0001.mseed,2022-05-04T23:27:48.848000,1668.8
xa.s12.00.mhz.1971-10-26HR00_evid00133.mseed,1971-10-26T00:10:28.204642,627.622641509434
xa.s12.00.mhz.1971-10-26HR00_evid00133.mseed,1971-10-26T04:28:27.902755,16107.32075471698
xa.s12.00.mhz.1971-10-26HR00_evid00133.mseed,1971-10-26T08:44:50.091434,31489.509433962263
xa.s12.00.mhz.1971-10-26HR00_evid00133.mseed,1971-10-26T10:43:53.487660,38632.90566037736
xa.s12.00.mhz.1971-10-26HR00_evid00133.mseed,1971-10-26T11:49:35.978226,42575.3962264151
xa.s12.00.mhz.1971-10-26HR00_evid00133.mseed,1971-10-26T14:03:19.223509,50598.64150943396
xa.s12.00.mhz.1971-10-26HR00_evid00133.mseed,1971-10-26T14:50:54.015962,53453.43396226415
xa.s12.00.mhz.1971-10-26HR00_evid00133.mseed,1971-10-26T15:03:27.827283,54207.24528301887
xa.s12.00.mhz.1971-10-26HR00_evid00133.mseed,1971-10-26T15:15:12.431057,54911.84905660377
xa.s12.00.mhz.1971-10-26HR00_evid00133.mseed,1971-10-26T16:16:00.883887,58560.301886792455
xa.s12.00.mhz.1971-10-26HR00_evid00133.mseed,1971-10-26T17:42:41.185774,63760.6037735849
xa.s12.00.mhz.1971-10-26HR00_evid00133.mseed,1971-10-26T17:53:29.487660,64408.90566037736
xa.s12.00.mhz.1971-10-26HR00_evid00133.mseed,1971-10-26T18:11:22.997094,65482.41509433962
xa.s12.00.mhz.1971-10-26HR00_evid00133.mseed,1971-10-26T19:05:51.827283,68751.24528301887
xa.s12.00.mhz.1971-10-26HR00_evid00133.mseed,1971-10-26T19:17:47.751811,69467.16981132075
xa.s12.00.mhz.1971-10-26HR00_evid00133.mseed,1971-10-26T19:35:02.921623,70502.3396226415
xa.s12.00.mhz.1971-10-26HR00_evid00133.mseed,1971-10-26T19:46:05.261245,71164.67924528301
xa.s12.00.mhz.1971-10-26HR00_evid00133.mseed,1971-10-26T20:01:11.676340,72071.09433962264
xa.s12.00.mhz.1971-10-26HR00_evid00133.mseed,1971-10-26T20:21:39.751811,73299.16981132075
xa.s12.00.mhz.1971-10-26HR00_evid00133.mseed,1971-10-26T20:32:14.015962,73933.43396226416
xa.s12.00.mhz.1971-10-26HR00_evid00133.mseed,1971-10-26T20:51:04.431057,75063.84905660378
xa.s12.00.mhz.1971-10-26HR00_evid00133.mseed,1971-10-26T21:20:44.355585,76843.77358490566
xa.s12.00.mhz.1971-10-26HR00_evid00133.mseed,1971-10-26T21:49:53.940491,78593.35849056604
xa.s12.00.mhz.1971-10-26HR00_evid00133.mseed,1971-10-26T22:19:01.865019,80341.28301886792
xa.s12.00.mhz.1971-10-26HR00_evid00133.mseed,1971-10-26T22:32:35.751811,81155.16981132075
xa.s12.00.mhz.1971-10-26HR00_evid00133.mseed,1971-10-26T22:55:05.789547,82505.2075471698
xa.s12.00.mhz.1972-11-19HR00_evid00335.mseed,1972-11-19T02:36:06.109962,9365.433962264151
xa.s12.00.mhz.1972-11-19HR00_evid00335.mseed,1972-11-19T02:54:06.109962,10445.433962264151
xa.s12.00.mhz.1972-11-19HR00_evid00335.mseed,1972-11-19T03:15:15.694868,11715.018867924528
xa.s12.00.mhz.1972-11-19HR00_evid00335.mseed,1972-11-19T03:30:00.676000,12600.0
xa.s12.00.mhz.1972-11-19HR00_evid00335.mseed,1972-11-19T03:50:00.525057,13799.849056603774
xa.s12.00.mhz.1972-11-19HR00_evid00335.mseed,1972-11-19T12:35:12.223170,45311.54716981132
xa.s12.00.mhz.1972-11-19HR00_evid00335.mseed,1972-11-19T12:56:04.147698,46563.47169811321
xa.s12.00.mhz.1972-11-19HR00_evid00335.mseed,1972-11-19T13:34:45.204302,48884.52830188679
xa.s12.00.mhz.1972-11-19HR00_evid00335.mseed,1972-11-19T13:48:04.449585,49683.77358490566
xa.s12.00.mhz.1972-11-19HR00_evid00335.mseed,1972-11-19T14:06:32.525057,50791.84905660377
xa.s12.00.mhz.1972-11-19HR00_evid00335.mseed,1972-11-19T14:20:22.713736,51622.03773584906
xa.s12.00.mhz.1972-11-19HR00_evid00335.mseed,1972-11-19T15:03:07.242038,54186.56603773585
xa.s12.00.mhz.1972-11-19HR00_evid00335.mseed,1972-11-19T15:44:13.808075,56653.1320754717
xa.s12.00.mhz.1972-11-19HR00_evid00335.mseed,1972-11-19T16:01:22.940151,57682.264150943396
xa.s12.00.mhz.1972-11-19HR00_evid00335.mseed,1972-11-19T16:16:20.449585,58579.77358490566
xa.s12.00.mhz.1972-11-19HR00_evid00335.mseed,1972-11-19T16:21:30.336377,58889.660377358494
xa.s12.00.mhz.1972-11-19HR00_evid00335.mseed,1972-11-19T16:46:26.638264,60385.96226415094
xa.s12.00.mhz.1972-11-19HR00_evid00335.mseed,1972-11-19T16:54:04.449585,60843.77358490566
xa.s12.00.mhz.1972-11-19HR00_evid00335.mseed,1972-11-19T16:59:39.392981,61178.71698113208
xa.s12.00.mhz.1972-11-19HR00_evid00335.mseed,1972-11-19T17:19:25.959019,62365.28301886792
xa.s12.00.mhz.1972-11-19HR00_evid00335.mseed,1972-11-19T17:46:48.072226,64007.3962264151
xa.s12.00.mhz.1972-11-19HR00_evid00335.mseed,1972-11-19T18:00:34.487321,64833.811320754714
xa.s12.00.mhz.1972-11-19HR00_evid00335.mseed,1972-11-19T18:13:35.770340,65615.09433962264
xa.s12.00.mhz.1972-11-19HR00_evid00335.mseed,1972-11-19T20:27:20.525057,73639.84905660378
xa.s12.00.mhz.1972-11-19HR00_evid00335.mseed,1972-11-19T22:41:08.298642,81667.62264150943
xa.s12.00.mhz.1974-03-14HR00_evid00506.mseed,1974-03-14T00:10:49.437604,649.0566037735849
xa.s12.00.mhz.1974-03-14HR00_evid00506.mseed,1974-03-14T04:42:35.701755,16955.32075471698
xa.s12.00.mhz.1974-03-14HR00_evid00506.mseed,1974-03-14T05:27:33.362132,19652.98113207547
xa.s12.00.mhz.1974-03-14HR00_evid00506.mseed,1974-03-14T15:51:38.947038,57098.56603773585
xa.s12.00.mhz.1974-03-14HR00_evid00506.mseed,1974-03-14T20:42:32.833830,74552.45283018867
xa.s12.00.mhz.1974-03-14HR00_evid00506.mseed,1974-03-14T21:09:04.230057,76143.84905660378
xa.s12.00.mhz.1971-10-06HR00_evid00125.mseed,1971-10-06T00:10:00.062057,599.8490566037735
xa.s12.00.mhz.1971-10-06HR00_evid00125.mseed,1971-10-06T06:37:40.137528,23859.924528301886
xa.s12.00.mhz.1971-10-06HR00_evid00125.mseed,1971-10-06T07:00:28.439415,25228.22641509434
xa.s12.00.mhz.1971-10-06HR00_evid00125.mseed,1971-10-06T12:06:39.156396,43598.943396226416
xa.s12.00.mhz.1971-06-11HR00_evid00096.mseed,1971-06-11T05:06:49.347717,18408.754716981133
xa.s12.00.mhz.1971-06-11HR00_evid00096.mseed,1971-06-11T06:48:19.008094,24498.415094339623
xa.s12.00.mhz.1971-06-11HR00_evid00096.mseed,1971-06-11T10:29:48.970358,37788.377358490565
xa.s12.00.mhz.1971-06-11HR00_evid00096.mseed,1971-06-11T11:57:03.838283,43023.24528301887
xa.s12.00.mhz.1971-06-11HR00_evid00096.mseed,1971-06-11T12:34:37.574132,45276.981132075474
xa.s12.00.mhz.1971-06-11HR00_evid00096.mseed,1971-06-11T13:04:06.177906,47045.58490566038
xa.s12.00.mhz.1971-06-11HR00_evid00096.mseed,1971-06-11T13:53:21.045830,50000.45283018868
xa.s12.00.mhz.1972-02-28HR00_evid00192.mseed,1972-02-28T00:10:00.197057,599.8490566037735
xa.s12.00.mhz.1972-02-28HR00_evid00192.mseed,1972-02-28T04:49:29.102717,17368.754716981133
xa.s12.00.mhz.1972-02-28HR00_evid00192.mseed,1972-02-28T14:44:17.857434,53057.50943396227
xa.s12.00.mhz.1972-02-28HR00_evid00192.mseed,1972-02-28T15:10:43.517811,54643.16981132075
xa.s12.00.mhz.1972-02-28HR00_evid00192.mseed,1972-02-28T15:29:01.329132,55740.981132075474
xa.s12.00.mhz.1972-02-28HR00_evid00192.mseed,1972-02-28T15:39:27.442340,56367.09433962264
xa.s12.00.mhz.1972-02-28HR00_evid00192.mseed,1972-02-28T15:53:00.423472,57180.07547169811
xa.s12.00.mhz.1972-02-28HR00_evid00192.mseed,1972-02-28T16:02:56.951774,57776.6037735849
xa.s12.00.mhz.1972-02-28HR00_evid00192.mseed,1972-02-28T16:38:34.008377,59913.660377358494
xa.s12.00.mhz.1972-02-28HR00_evid00192.mseed,1972-02-28T17:03:01.329132,61380.981132075474
xa.s12.00.mhz.1972-02-28HR00_evid00192.mseed,1972-02-28T17:06:36.725358,61596.377358490565
xa.s12.00.mhz.1972-02-28HR00_evid00192.mseed,1972-02-28T17:21:31.064981,62490.71698113208
xa.s12.00.mhz.1972-02-28HR00_evid00192.mseed,1972-02-28T17:32:56.197057,63175.84905660377
xa.s12.00.mhz.1972-02-28HR00_evid00192.mseed,1972-02-28T17:50:42.159321,64241.811320754714
xa.s12.00.mhz.1972-02-28HR00_evid00192.mseed,1972-02-28T18:06:09.253660,65168.90566037736
xa.s12.00.mhz.1972-02-28HR00_evid00192.mseed,1972-02-28T18:34:59.819698,66899.47169811321
xa.s12.00.mhz.1972-02-28HR00_evid00192.mseed,1972-02-28T18:48:37.480075,67717.1320754717
xa.s12.00.mhz.1972-02-28HR00_evid00192.mseed,1972-02-28T19:05:10.687623,68710.3396226415
xa.s12.00.mhz.1972-02-28HR00_evid00192.mseed,1972-02-28T19:15:33.480075,69333.1320754717
xa.s12.00.mhz.1972-02-28HR00_evid00192.mseed,1972-02-28T19:29:18.083849,70157.7358490566
xa.s12.00.mhz.1972-02-28HR00_evid00192.mseed,1972-02-28T19:57:10.687623,71830.3396226415
xa.s12.00.mhz.1972-02-28HR00_evid00192.mseed,1972-02-28T20:10:11.064981,72610.71698113208
xa.s12.00.mhz.1972-02-28HR00_evid00192.mseed,1972-02-28T20:31:49.781962,73909.43396226416
xa.s12.00.mhz.1972-02-28HR00_evid00192.mseed,1972-02-28T21:24:07.744226,77047.39622641509
xa.s12.00.mhz.1972-02-28HR00_evid00192.mseed,1972-02-28T21:35:57.329132,77756.98113207547
xa.s12.00.mhz.1972-02-28HR00_evid00192.mseed,1972-02-28T21:59:37.102717,79176.75471698113
xa.s12.00.mhz.1972-02-28HR00_evid00192.mseed,1972-02-28T23:06:13.329132,83172.98113207547
xa.s12.00.mhz.1972-02-28HR00_evid00192.mseed,1972-02-28T23:22:06.385736,84126.03773584905
xa.s12.00.mhz.1972-02-28HR00_evid00192.mseed,1972-02-28T23:51:20.348000,85880.0
xa.s12.00.mhz.1969-12-16HR00_evid00006.mseed,1969-12-16T00:10:53.762906,653.5849056603773
xa.s12.00.mhz.1969-12-16HR00_evid00006.mseed,1969-12-16T00:19:44.479887,1184.301886792453
xa.s12.00.mhz.1969-12-16HR00_evid00006.mseed,1969-12-16T01:28:38.064792,5317.88679245283
xa.s12.00.mhz.1969-12-16HR00_evid00006.mseed,1969-12-16T02:15:54.140264,8153.962264150943
xa.s12.00.mhz.1969-12-16HR00_evid00006.mseed,1969-12-16T02:40:25.083660,9624.905660377359
xa.s12.00.mhz.1969-12-16HR00_evid00006.mseed,1969-12-16T04:50:33.838377,17433.66037735849
xa.s12.00.mhz.1969-12-16HR00_evid00006.mseed,1969-12-16T05:43:25.008189,20604.830188679247
xa.s12.00.mhz.1969-12-16HR00_evid00006.mseed,1969-12-16T06:32:21.611962,23541.43396226415
xa.s12.00.mhz.1969-12-16HR00_evid00006.mseed,1969-12-16T08:53:26.970453,32006.79245283019
xa.s12.00.mhz.1969-12-16HR00_evid00006.mseed,1969-12-16T09:03:30.894981,32610.716981132075
xa.s12.00.mhz.1969-12-16HR00_evid00006.mseed,1969-12-16T09:13:28.027057,33207.84905660377
xa.s12.00.mhz.1969-12-16HR00_evid00006.mseed,1969-12-16T09:26:37.461019,33997.28301886792
xa.s12.00.mhz.1969-12-16HR00_evid00006.mseed,1969-12-16T09:33:25.461019,34405.28301886792
xa.s12.00.mhz.1969-12-16HR00_evid00006.mseed,1969-12-16T09:44:09.989321,35049.811320754714
xa.s12.00.mhz.1969-12-16HR00_evid00006.mseed,1969-12-16T09:54:08.630830,35648.45283018868
xa.s12.00.mhz.1969-12-16HR00_evid00006.mseed,1969-12-16T10:04:56.630830,36296.45283018868
xa.s12.00.mhz.1969-12-16HR00_evid00006.mseed,1969-12-16T13:08:46.064792,47325.88679245283
xa.s12.00.mhz.1969-12-16HR00_evid00006.mseed,1969-12-16T13:39:55.951585,49195.77358490566
xa.s12.00.mhz.1969-12-16HR00_evid00006.mseed,1969-12-16T13:54:04.253472,50044.07547169811
xa.s12.00.mhz.1969-12-16HR00_evid00006.mseed,1969-12-16T14:17:45.989321,51465.811320754714
xa.s12.00.mhz.1969-12-16HR00_evid00006.mseed,1969-12-16T14:41:10.215736,52870.03773584906
xa.s12.00.mhz.1969-12-16HR00_evid00006.mseed,1969-12-16T22:09:53.838377,79793.6603773585
xa.s12.00.mhz.1969-12-16HR00_evid00006.mseed,1969-12-16T22:30:29.159132,81028.98113207547
xa.s12.00.mhz.1974-03-30HR00_evid00512.mseed,1974-03-30T00:10:00.483057,599.8490566037735
xa.s12.00.mhz.1974-03-30HR00_evid00512.mseed,1974-03-30T00:18:01.841547,1081.2075471698113
xa.s12.00.mhz.1974-03-30HR00_evid00512.mseed,1974-03-30T00:28:21.464189,1700.8301886792453
xa.s12.00.mhz.1974-03-30HR00_evid00512.mseed,1974-03-30T01:25:11.275509,5110.641509433963
xa.s12.00.mhz.1974-03-30HR00_evid00512.mseed,1974-03-30T01:34:47.275509,5686.641509433963
xa.s12.00.mhz.1974-03-30HR00_evid00512.mseed,1974-03-30T02:31:19.124566,9078.490566037735
xa.s12.00.mhz.1974-03-30HR00_evid00512.mseed,1974-03-30T03:08:46.973623,11326.33962264151
xa.s12.00.mhz.1974-03-30HR00_evid00512.mseed,1974-03-30T03:17:50.822679,11870.188679245282
xa.s12.00.mhz.1974-03-30HR00_evid00512.mseed,1974-03-30T03:28:00.935887,12480.301886792453
xa.s12.00.mhz.1974-03-30HR00_evid00512.mseed,1974-03-30T03:46:18.445321,13577.811320754718
xa.s12.00.mhz.1974-03-30HR00_evid00512.mseed,1974-03-30T03:55:26.218906,14125.584905660377
xa.s12.00.mhz.1974-03-30HR00_evid00512.mseed,1974-03-30T04:05:08.709472,14708.075471698114
xa.s12.00.mhz.1974-03-30HR00_evid00512.mseed,1974-03-30T04:14:49.690604,15289.056603773584
xa.s12.00.mhz.1974-03-30HR00_evid00512.mseed,1974-03-30T05:49:03.577396,20942.943396226416
xa.s12.00.mhz.1974-03-30HR00_evid00512.mseed,1974-03-30T06:07:24.256642,22043.622641509435
xa.s12.00.mhz.1974-03-30HR00_evid00512.mseed,1974-03-30T06:26:37.917019,23197.283018867925
xa.s12.00.mhz.1974-03-30HR00_evid00512.mseed,1974-03-30T06:54:07.879283,24847.245283018867
xa.s12.00.mhz.1974-03-30HR00_evid00512.mseed,1974-03-30T13:38:10.747208,49090.11320754717
xa.s12.00.mhz.1974-03-30HR00_evid00512.mseed,1974-03-30T13:57:15.049094,50234.41509433962
xa.s12.00.mhz.1974-03-30HR00_evid00512.mseed,1974-03-30T14:05:34.369849,50733.735849056604
xa.s12.00.mhz.1974-03-30HR00_evid00512.mseed,1974-03-30T14:17:05.539660,51424.90566037736
xa.s12.00.mhz.1974-03-30HR00_evid00512.mseed,1974-03-30T14:54:44.105698,53683.47169811321
xa.s12.00.mhz.1974-03-30HR00_evid00512.mseed,1974-03-30T15:04:15.577396,54254.943396226416
xa.s12.00.mhz.1974-03-30HR00_evid00512.mseed,1974-03-30T15:14:02.898151,54842.264150943396
xa.s12.00.mhz.1974-03-30HR00_evid00512.mseed,1974-03-30T17:16:00.181170,62159.54716981132
xa.s12.00.mhz.1974-03-30HR00_evid00512.mseed,1974-03-30T19:48:05.162302,71284.52830188679
xa.s12.00.mhz.1974-03-30HR00_evid00512.mseed,1974-03-30T23:03:48.407585,83027.77358490566
xa.s12.00.mhz.1975-04-21HR00_evid00638.mseed,1975-04-21T00:10:00.070057,599.8490566037735
xa.s12.00.mhz.1975-04-21HR00_evid00638.mseed,1975-04-21T00:37:31.994585,2251.7735849056603
xa.s12.00.mhz.1975-04-21HR00_evid00638.mseed,1975-04-21T00:49:23.692698,2963.4716981132074
xa.s12.00.mhz.1975-04-21HR00_evid00638.mseed,1975-04-21T01:13:36.975717,4416.754716981132
xa.s12.00.mhz.1975-04-21HR00_evid00638.mseed,1975-04-21T04:17:46.183264,15465.962264150943
xa.s12.00.mhz.1975-04-21HR00_evid00638.mseed,1975-04-21T04:23:41.504019,15821.283018867925
xa.s12.00.mhz.1975-04-21HR00_evid00638.mseed,1975-04-21T06:39:44.673830,23984.45283018868
xa.s12.00.mhz.1975-04-21HR00_evid00638.mseed,1975-04-21T08:06:57.277604,29217.056603773584
xa.s12.00.mhz.1975-04-21HR00_evid00638.mseed,1975-04-21T08:16:37.504019,29797.283018867925
xa.s12.00.mhz.1975-04-21HR00_evid00638.mseed,1975-04-21T13:53:15.239868,49995.018867924526
xa.s12.00.mhz.1975-04-21HR00_evid00638.mseed,1975-04-21T17:31:09.202132,63068.981132075474
xa.s12.00.mhz.1975-04-21HR00_evid00638.mseed,1975-04-21T20:40:51.088925,74450.8679245283
xa.s12.00.mhz.1971-10-06HR00_evid00124.mseed,1971-10-06T00:10:00.062057,599.8490566037735
xa.s12.00.mhz.1971-10-06HR00_evid00124.mseed,1971-10-06T06:37:42.552623,23862.33962264151
xa.s12.00.mhz.1971-10-06HR00_evid00124.mseed,1971-10-06T07:00:29.646962,25229.43396226415
xa.s12.00.mhz.1971-10-06HR00_evid00124.mseed,1971-10-06T12:06:40.967717,43600.75471698113
xa.s12.00.mhz.1970-09-09HR00_evid00043.mseed,1970-09-09T00:09:59.974057,599.8490566037735
xa.s12.00.mhz.1970-09-09HR00_evid00043.mseed,1970-09-09T00:32:30.766509,1950.6415094339623
xa.s12.00.mhz.1970-09-09HR00_evid00043.mseed,1970-09-09T00:50:50.389151,3050.264150943396
xa.s12.00.mhz.1970-09-09HR00_evid00043.mseed,1970-09-09T00:57:17.257075,3437.132075471698
xa.s12.00.mhz.1970-09-09HR00_evid00043.mseed,1970-09-09T01:18:00.728774,4680.603773584906
xa.s12.00.mhz.1970-09-09HR00_evid00043.mseed,1970-09-09T01:37:11.068396,5830.943396226415
xa.s12.00.mhz.1970-09-09HR00_evid00043.mseed,1970-09-09T01:55:21.785377,6921.66037735849
xa.s12.00.mhz.1970-09-09HR00_evid00043.mseed,1970-09-09T02:13:02.313679,7982.188679245283
xa.s12.00.mhz.1970-09-09HR00_evid00043.mseed,1970-09-09T02:25:16.804245,8716.67924528302
xa.s12.00.mhz.1970-09-09HR00_evid00043.mseed,1970-09-09T03:02:24.275943,10944.150943396226
xa.s12.00.mhz.1970-09-09HR00_evid00043.mseed,1970-09-09T03:22:38.766509,12158.641509433963
xa.s12.00.mhz.1970-09-09HR00_evid00043.mseed,1970-09-09T03:31:40.351415,12700.22641509434
xa.s12.00.mhz.1970-09-09HR00_evid00043.mseed,1970-09-09T03:47:59.370283,13679.245283018869
xa.s12.00.mhz.1970-09-09HR00_evid00043.mseed,1970-09-09T03:59:44.125000,14384.0
xa.s12.00.mhz.1970-09-09HR00_evid00043.mseed,1970-09-09T04:11:18.162736,15078.037735849057
xa.s12.00.mhz.1970-09-09HR00_evid00043.mseed,1970-09-09T04:29:59.370283,16199.245283018869
xa.s12.00.mhz.1970-09-09HR00_evid00043.mseed,1970-09-09T04:49:28.125000,17368.0
xa.s12.00.mhz.1970-09-09HR00_evid00043.mseed,1970-09-09T05:18:28.200472,19108.075471698114
xa.s12.00.mhz.1970-09-09HR00_evid00043.mseed,1970-09-09T05:27:11.219340,19631.094339622643
xa.s12.00.mhz.1970-09-09HR00_evid00043.mseed,1970-09-09T07:12:53.860849,25973.735849056604
xa.s12.00.mhz.1970-09-09HR00_evid00043.mseed,1970-09-09T12:13:37.936321,44017.811320754714
xa.s12.00.mhz.1970-09-09HR00_evid00043.mseed,1970-09-09T16:24:20.653302,59060.52830188679
xa.s12.00.mhz.1970-09-09HR00_evid00043.mseed,1970-09-09T17:53:27.672170,64407.54716981132
xa.s12.00.mhz.1970-09-09HR00_evid00043.mseed,1970-09-09T18:52:25.634434,67945.50943396226
xa.s12.00.mhz.1970-09-09HR00_evid00043.mseed,1970-09-09T20:21:35.370283,73295.24528301887
xa.s12.00.mhz.1970-09-09HR00_evid00043.mseed,1970-09-09T22:26:36.804245,80796.67924528301
xa.s12.00.mhz.1970-09-09HR00_evid00043.mseed,1970-09-09T23:04:13.709906,83053.58490566038
xa.s12.00.mhz.1970-09-09HR00_evid00043.mseed,1970-09-09T23:14:28.955189,83668.83018867925
xa.s12.00.mhz.1972-11-14HR00_evid00331.mseed,1972-11-14T00:10:00.562057,599.8490566037735
xa.s12.00.mhz.1972-11-14HR00_evid00331.mseed,1972-11-14T00:40:09.165830,2408.4528301886794
xa.s12.00.mhz.1972-11-14HR00_evid00331.mseed,1972-11-14T01:16:42.373377,4601.66037735849
xa.s12.00.mhz.1972-11-14HR00_evid00331.mseed,1972-11-14T02:13:27.807340,8007.094339622641
xa.s12.00.mhz.1972-11-14HR00_evid00331.mseed,1972-11-14T03:29:34.297906,12573.584905660377
xa.s12.00.mhz.1972-11-14HR00_evid00331.mseed,1972-11-14T04:32:45.996019,16365.283018867925
xa.s12.00.mhz.1972-11-14HR00_evid00331.mseed,1972-11-14T05:07:48.335642,18467.622641509435
xa.s12.00.mhz.1972-11-14HR00_evid00331.mseed,1972-11-14T05:55:02.448849,21301.735849056604
xa.s12.00.mhz.1972-11-14HR00_evid00331.mseed,1972-11-14T06:23:07.882811,22987.169811320753
xa.s12.00.mhz.1972-11-14HR00_evid00331.mseed,1972-11-14T06:42:27.279038,24146.56603773585
xa.s12.00.mhz.1972-11-14HR00_evid00331.mseed,1972-11-14T06:51:29.467717,24688.754716981133
xa.s12.00.mhz.1972-11-14HR00_evid00331.mseed,1972-11-14T07:19:24.637528,26363.924528301886
xa.s12.00.mhz.1972-11-14HR00_evid00331.mseed,1972-11-14T07:39:01.392245,27540.67924528302
xa.s12.00.mhz.1972-11-14HR00_evid00331.mseed,1972-11-14T07:52:03.429981,28322.716981132075
xa.s12.00.mhz.1972-11-14HR00_evid00331.mseed,1972-11-14T08:26:54.146962,30413.43396226415
xa.s12.00.mhz.1972-11-14HR00_evid00331.mseed,1972-11-14T08:57:53.316774,32272.603773584906
xa.s12.00.mhz.1972-11-14HR00_evid00331.mseed,1972-11-14T09:58:18.977151,35898.264150943396
xa.s12.00.mhz.1972-11-14HR00_evid00331.mseed,1972-11-14T10:25:22.524321,37521.811320754714
xa.s12.00.mhz.1972-11-14HR00_evid00331.mseed,1972-11-14T11:34:11.279038,41650.56603773585
xa.s12.00.mhz.1972-11-14HR00_evid00331.mseed,1972-11-14T12:30:32.260170,45031.54716981132
xa.s12.00.mhz.1972-11-14HR00_evid00331.mseed,1972-11-14T12:50:09.920547,46209.20754716981
xa.s12.00.mhz.1972-11-14HR00_evid00331.mseed,1972-11-14T13:01:09.392245,46868.67924528302
xa.s12.00.mhz.1972-11-14HR00_evid00331.mseed,1972-11-14T13:10:27.580925,47426.8679245283
xa.s12.00.mhz.1972-11-14HR00_evid00331.mseed,1972-11-14T13:27:50.146962,48469.43396226415
xa.s12.00.mhz.1972-11-14HR00_evid00331.mseed,1972-11-14T13:38:36.939415,49116.22641509434
xa.s12.00.mhz.1972-11-14HR00_evid00331.mseed,1972-11-14T15:59:04.863943,57544.15094339623
xa.s12.00.mhz.1972-11-14HR00_evid00331.mseed,1972-11-14T16:09:15.882811,58155.16981132075
xa.s12.00.mhz.1972-11-14HR00_evid00331.mseed,1972-11-14T16:55:57.694132,60956.981132075474
xa.s12.00.mhz.1972-11-14HR00_evid00331.mseed,1972-11-14T17:07:07.580925,61626.8679245283
xa.s12.00.mhz.1972-11-14HR00_evid00331.mseed,1972-11-14T17:22:09.467717,62528.75471698113
xa.s12.00.mhz.1972-11-14HR00_evid00331.mseed,1972-11-14T17:59:22.222434,64761.50943396227
xa.s12.00.mhz.1972-11-14HR00_evid00331.mseed,1972-11-14T18:27:05.920547,66425.2075471698
xa.s12.00.mhz.1972-11-14HR00_evid00331.mseed,1972-11-14T19:18:21.845075,69501.1320754717
xa.s12.00.mhz.1972-11-14HR00_evid00331.mseed,1972-11-14T19:24:26.675264,69865.96226415095
xa.s12.00.mhz.1972-11-14HR00_evid00331.mseed,1972-11-14T21:40:09.920547,78009.2075471698
xa.s12.00.mhz.1972-11-14HR00_evid00331.mseed,1972-11-14T22:06:17.467717,79576.75471698113
xa.s12.00.mhz.1972-11-14HR00_evid00331.mseed,1972-11-14T22:42:17.467717,81736.75471698113
xa.s12.00.mhz.1972-11-14HR00_evid00331.mseed,1972-11-14T23:04:59.279038,83098.56603773584
xa.s12.00.mhz.1972-11-14HR00_evid00331.mseed,1972-11-14T23:14:25.920547,83665.2075471698
xa.s12.00.mhz.1972-11-14HR00_evid00331.mseed,1972-11-14T23:32:46.297906,84765.58490566038
xa.s12.00.mhz.1971-11-24HR00_evid00156.mseed,1971-11-24T00:13:23.593755,803.3207547169811
xa.s12.00.mhz.1971-11-24HR00_evid00156.mseed,1971-11-24T00:25:22.989981,1522.7169811320755
xa.s12.00.mhz.1971-11-24HR00_evid00156.mseed,1971-11-24T00:36:37.254132,2196.9811320754716
xa.s12.00.mhz.1971-11-24HR00_evid00156.mseed,1971-11-24T00:45:00.499415,2700.2264150943397
xa.s12.00.mhz.1971-11-24HR00_evid00156.mseed,1971-11-24T01:03:52.423943,3832.1509433962265
xa.s12.00.mhz.1971-11-24HR00_evid00156.mseed,1971-11-24T01:11:36.423943,4296.1509433962265
xa.s12.00.mhz.1971-11-24HR00_evid00156.mseed,1971-11-24T01:31:25.857906,5485.584905660377
xa.s12.00.mhz.1971-11-24HR00_evid00156.mseed,1971-11-24T01:51:40.650358,6700.377358490566
xa.s12.00.mhz.1971-11-24HR00_evid00156.mseed,1971-11-24T02:01:23.895642,7283.622641509434
xa.s12.00.mhz.1971-11-24HR00_evid00156.mseed,1971-11-24T02:10:34.084321,7833.811320754717
xa.s12.00.mhz.1971-11-24HR00_evid00156.mseed,1971-11-24T02:19:58.461679,8398.188679245282
xa.s12.00.mhz.1971-11-24HR00_evid00156.mseed,1971-11-24T02:29:53.631491,8993.358490566037
xa.s12.00.mhz.1971-11-24HR00_evid00156.mseed,1971-11-24T02:48:34.839038,10114.566037735849
xa.s12.00.mhz.1971-11-24HR00_evid00156.mseed,1971-11-24T03:54:58.537151,14098.264150943396
xa.s12.00.mhz.1971-11-24HR00_evid00156.mseed,1971-11-24T04:13:41.254132,15220.981132075472
xa.s12.00.mhz.1971-11-24HR00_evid00156.mseed,1971-11-24T04:23:08.801302,15788.528301886792
xa.s12.00.mhz.1971-11-24HR00_evid00156.mseed,1971-11-24T05:28:56.273000,19736.0
xa.s12.00.mhz.1971-11-24HR00_evid00156.mseed,1971-11-24T05:38:47.820170,20327.54716981132
xa.s12.00.mhz.1971-11-24HR00_evid00156.mseed,1971-11-24T05:56:45.405075,21405.132075471698
xa.s12.00.mhz.1971-11-24HR00_evid00156.mseed,1971-11-24T06:06:41.480547,22001.20754716981
xa.s12.00.mhz.1971-11-24HR00_evid00156.mseed,1971-11-24T06:44:57.178660,24296.905660377357
xa.s12.00.mhz.1971-11-24HR00_evid00156.mseed,1971-11-24T06:55:30.386208,24930.11320754717
xa.s12.00.mhz.1971-11-24HR00_evid00156.mseed,1971-11-24T07:13:22.688094,26002.415094339623
xa.s12.00.mhz.1971-11-24HR00_evid00156.mseed,1971-11-24T07:31:30.386208,27090.11320754717
xa.s12.00.mhz.1971-11-24HR00_evid00156.mseed,1971-11-24T07:42:00.876774,27720.603773584906
xa.s12.00.mhz.1971-11-24HR00_evid00156.mseed,1971-11-24T07:53:05.480547,28385.20754716981
xa.s12.00.mhz.1971-11-24HR00_evid00156.mseed,1971-11-24T07:59:54.989981,28794.716981132075
xa.s12.00.mhz.1971-11-24HR00_evid00156.mseed,1971-11-24T08:10:14.612623,29414.33962264151
xa.s12.00.mhz.1971-11-24HR00_evid00156.mseed,1971-11-24T08:19:04.122057,29943.849056603773
xa.s12.00.mhz.1971-11-24HR00_evid00156.mseed,1971-11-24T08:29:58.008849,30597.735849056604
xa.s12.00.mhz.1971-11-24HR00_evid00156.mseed,1971-11-24T08:39:16.952245,31156.67924528302
xa.s12.00.mhz.1971-11-24HR00_evid00156.mseed,1971-11-24T08:47:53.480547,31673.20754716981
xa.s12.00.mhz.1971-11-24HR00_evid00156.mseed,1971-11-24T09:23:27.367340,33807.09433962264
xa.s12.00.mhz.1971-11-24HR00_evid00156.mseed,1971-11-24T09:36:00.423943,34560.15094339623
xa.s12.00.mhz.1971-11-24HR00_evid00156.mseed,1971-11-24T09:44:51.744698,35091.47169811321
xa.s12.00.mhz.1971-11-24HR00_evid00156.mseed,1971-11-24T10:01:25.103189,36084.83018867925
xa.s12.00.mhz.1971-11-24HR00_evid00156.mseed,1971-11-24T10:12:44.650358,36764.377358490565
xa.s12.00.mhz.1971-11-24HR00_evid00156.mseed,1971-11-24T10:21:41.556019,37301.28301886792
xa.s12.00.mhz.1971-11-24HR00_evid00156.mseed,1971-11-24T10:31:14.688094,37874.41509433962
xa.s12.00.mhz.1971-11-24HR00_evid00156.mseed,1971-11-24T10:42:24.725830,38544.45283018868
xa.s12.00.mhz.1971-11-24HR00_evid00156.mseed,1971-11-24T11:00:19.291868,39619.018867924526
xa.s12.00.mhz.1971-11-24HR00_evid00156.mseed,1971-11-24T11:19:59.216396,40798.943396226416
xa.s12.00.mhz.1971-11-24HR00_evid00156.mseed,1971-11-24T11:28:52.348472,41332.07547169811
xa.s12.00.mhz.1971-11-24HR00_evid00156.mseed,1971-11-24T11:40:03.442811,42003.16981132075
xa.s12.00.mhz.1971-11-24HR00_evid00156.mseed,1971-11-24T11:52:00.574887,42720.301886792455
xa.s12.00.mhz.1971-11-24HR00_evid00156.mseed,1971-11-24T12:05:05.329604,43505.056603773584
xa.s12.00.mhz.1971-11-24HR00_evid00156.mseed,1971-11-24T12:41:49.103189,45708.83018867925
xa.s12.00.mhz.1971-11-24HR00_evid00156.mseed,1971-11-24T12:52:52.046585,46371.77358490566
xa.s12.00.mhz.1971-11-24HR00_evid00156.mseed,1971-11-24T13:41:08.801302,49268.52830188679
xa.s12.00.mhz.1971-11-24HR00_evid00156.mseed,1971-11-24T13:50:25.631491,49825.35849056604
xa.s12.00.mhz.1971-11-24HR00_evid00156.mseed,1971-11-24T14:06:31.669226,50791.3962264151
xa.s12.00.mhz.1971-11-24HR00_evid00156.mseed,1971-11-24T14:20:40.725830,51640.45283018868
xa.s12.00.mhz.1971-11-24HR00_evid00156.mseed,1971-11-24T14:31:51.518283,52311.24528301887
xa.s12.00.mhz.1971-11-24HR00_evid00156.mseed,1971-11-24T14:56:35.593755,53795.32075471698
xa.s12.00.mhz.1971-11-24HR00_evid00156.mseed,1971-11-24T15:04:11.895642,54251.622641509435
xa.s12.00.mhz.1971-11-24HR00_evid00156.mseed,1971-11-24T15:24:46.461679,55486.188679245286
xa.s12.00.mhz.1971-11-24HR00_evid00156.mseed,1971-11-24T15:43:10.310736,56590.03773584906
xa.s12.00.mhz.1971-11-24HR00_evid00156.mseed,1971-11-24T21:26:47.518283,77207.24528301887
xa.s12.00.mhz.1971-11-24HR00_evid00156.mseed,1971-11-24T21:37:19.216396,77838.94339622642
xa.s12.00.mhz.1971-11-24HR00_evid00156.mseed,1971-11-24T21:58:39.971113,79119.69811320755
xa.s12.00.mhz.1971-11-24HR00_evid00156.mseed,1971-11-24T22:09:00.197528,79739.92452830188
xa.s12.00.mhz.1971-11-24HR00_evid00156.mseed,1971-11-24T22:34:24.574887,81264.30188679245
xa.s12.00.mhz.1971-11-24HR00_evid00156.mseed,1971-11-24T22:48:45.706962,82125.43396226416
xa.s12.00.mhz.1971-11-24HR00_evid00156.mseed,1971-11-24T22:57:03.216396,82622.94339622642
xa.s12.00.mhz.1971-11-24HR00_evid00156.mseed,1971-11-24T23:35:05.631491,84905.35849056604
xa.s12.00.mhz.1970-04-03HR00_evid00021.mseed,1970-04-03T00:10:00.199057,599.8490566037735
xa.s12.00.mhz.1970-04-03HR00_evid00021.mseed,1970-04-03T01:48:31.293396,6510.943396226415
xa.s12.00.mhz.1970-04-03HR00_evid00021.mseed,1970-04-03T04:22:53.934906,15773.584905660377
xa.s12.00.mhz.1970-04-03HR00_evid00021.mseed,1970-04-03T04:59:23.217925,17962.867924528302
xa.s12.00.mhz.1970-04-03HR00_evid00021.mseed,1970-04-03T05:18:10.765094,19090.415094339623
xa.s12.00.mhz.1970-04-03HR00_evid00021.mseed,1970-04-03T05:27:21.255660,19640.905660377357
xa.s12.00.mhz.1970-04-03HR00_evid00021.mseed,1970-04-03T05:40:20.123585,20419.77358490566
xa.s12.00.mhz.1970-04-03HR00_evid00021.mseed,1970-04-03T06:21:36.651887,22896.30188679245
xa.s12.00.mhz.1970-04-03HR00_evid00021.mseed,1970-04-03T06:30:48.651887,23448.30188679245
xa.s12.00.mhz.1970-04-03HR00_evid00021.mseed,1970-04-03T07:22:35.972642,26555.622641509435
xa.s12.00.mhz.1970-04-03HR00_evid00021.mseed,1970-04-03T10:49:38.614151,38978.264150943396
xa.s12.00.mhz.1970-04-03HR00_evid00021.mseed,1970-04-03T14:07:13.104717,50832.75471698113
xa.s12.00.mhz.1970-04-03HR00_evid00021.mseed,1970-04-03T15:46:35.217925,56794.8679245283
xa.s12.00.mhz.1970-04-03HR00_evid00021.mseed,1970-04-03T17:06:47.142453,61606.79245283019
xa.s12.00.mhz.1970-04-03HR00_evid00021.mseed,1970-04-03T17:19:12.953774,62352.6037735849
xa.s12.00.mhz.1970-01-09HR00_evid00007.mseed,1970-01-09T00:10:14.465623,614.3396226415094
xa.s12.00.mhz.1970-01-09HR00_evid00007.mseed,1970-01-09T03:44:44.503358,13484.377358490567
xa.s12.00.mhz.1970-01-09HR00_evid00007.mseed,1970-01-09T15:57:47.446755,57467.32075471698
xa.s12.00.mhz.1970-01-09HR00_evid00007.mseed,1970-01-09T17:25:29.635434,62729.50943396227
xa.s12.00.mhz.1970-01-09HR00_evid00007.mseed,1970-01-09T17:47:57.107132,64076.981132075474
xa.s12.00.mhz.1970-01-09HR00_evid00007.mseed,1970-01-09T18:15:46.088264,65745.96226415095
xa.s12.00.mhz.1970-01-09HR00_evid00007.mseed,1970-01-09T18:27:14.692038,66434.56603773584
xa.s12.00.mhz.1970-01-09HR00_evid00007.mseed,1970-01-09T19:34:26.993925,70466.8679245283
xa.s12.00.mhz.1970-01-09HR00_evid00007.mseed,1970-01-09T21:00:46.616566,75646.49056603774
xa.s12.00.mhz.1970-01-09HR00_evid00007.mseed,1970-01-09T21:21:01.107132,76860.98113207547
xa.s12.00.mhz.1970-01-09HR00_evid00007.mseed,1970-01-09T21:48:38.616566,78518.49056603774
xa.s12.00.mhz.1970-01-09HR00_evid00007.mseed,1970-01-09T22:33:44.578830,81224.45283018867
xa.s12.00.mhz.1970-01-09HR00_evid00007.mseed,1970-01-09T22:48:46.918453,82126.7924528302
xa.s12.00.mhz.1972-02-21HR00_evid00190.mseed,1972-02-21T00:11:57.642019,717.2830188679245
xa.s12.00.mhz.1972-02-21HR00_evid00190.mseed,1972-02-21T00:24:44.434472,1484.0754716981132
xa.s12.00.mhz.1972-02-21HR00_evid00190.mseed,1972-02-21T00:34:56.509943,2096.1509433962265
xa.s12.00.mhz.1972-02-21HR00_evid00190.mseed,1972-02-21T00:52:59.377868,3179.0188679245284
xa.s12.00.mhz.1972-02-21HR00_evid00190.mseed,1972-02-21T01:03:44.359000,3824.0
xa.s12.00.mhz.1972-02-21HR00_evid00190.mseed,1972-02-21T01:12:48.057113,4367.698113207547
xa.s12.00.mhz.1972-02-21HR00_evid00190.mseed,1972-02-21T01:22:47.755226,4967.396226415094
xa.s12.00.mhz.1972-02-21HR00_evid00190.mseed,1972-02-21T01:32:00.057113,5519.698113207547
xa.s12.00.mhz.1972-02-21HR00_evid00190.mseed,1972-02-21T01:50:30.698623,6630.33962264151
xa.s12.00.mhz.1972-02-21HR00_evid00190.mseed,1972-02-21T01:59:59.151453,7198.792452830188
xa.s12.00.mhz.1972-02-21HR00_evid00190.mseed,1972-02-21T02:09:24.736358,7764.377358490566
xa.s12.00.mhz.1972-02-21HR00_evid00190.mseed,1972-02-21T02:18:59.981642,8339.622641509433
xa.s12.00.mhz.1972-02-21HR00_evid00190.mseed,1972-02-21T02:37:50.547679,9470.188679245282
xa.s12.00.mhz.1972-02-21HR00_evid00190.mseed,1972-02-21T02:47:19.604283,10039.245283018869
xa.s12.00.mhz.1972-02-21HR00_evid00190.mseed,1972-02-21T02:55:18.094849,10517.735849056604
xa.s12.00.mhz.1972-02-21HR00_evid00190.mseed,1972-02-21T03:06:57.868434,11217.509433962265
xa.s12.00.mhz.1972-02-21HR00_evid00190.mseed,1972-02-21T03:24:41.868434,12281.509433962265
xa.s12.00.mhz.1972-02-21HR00_evid00190.mseed,1972-02-21T03:35:28.962774,12928.603773584906
xa.s12.00.mhz.1972-02-21HR00_evid00190.mseed,1972-02-21T03:44:47.302396,13486.943396226416
xa.s12.00.mhz.1972-02-21HR00_evid00190.mseed,1972-02-21T03:54:05.491075,14045.132075471698
xa.s12.00.mhz.1972-02-21HR00_evid00190.mseed,1972-02-21T04:13:23.226925,15202.867924528302
xa.s12.00.mhz.1972-02-21HR00_evid00190.mseed,1972-02-21T04:22:25.868434,15745.509433962265
xa.s12.00.mhz.1972-02-21HR00_evid00190.mseed,1972-02-21T04:32:13.189189,16332.830188679245
xa.s12.00.mhz.1972-02-21HR00_evid00190.mseed,1972-02-21T04:51:12.509943,17472.150943396227
xa.s12.00.mhz.1972-02-21HR00_evid00190.mseed,1972-02-21T05:09:57.189189,18596.830188679247
xa.s12.00.mhz.1972-02-21HR00_evid00190.mseed,1972-02-21T05:18:53.792962,19133.43396226415
xa.s12.00.mhz.1972-02-21HR00_evid00190.mseed,1972-02-21T05:28:59.528811,19739.169811320753
xa.s12.00.mhz.1972-02-21HR00_evid00190.mseed,1972-02-21T05:38:11.679755,20291.32075471698
xa.s12.00.mhz.1972-02-21HR00_evid00190.mseed,1972-02-21T05:46:55.000509,20814.64150943396
xa.s12.00.mhz.1972-02-21HR00_evid00190.mseed,1972-02-21T06:06:15.906170,21975.54716981132
xa.s12.00.mhz.1972-02-21HR00_evid00190.mseed,1972-02-21T06:15:49.189189,22548.830188679247
xa.s12.00.mhz.1972-02-21HR00_evid00190.mseed,1972-02-21T06:34:36.736358,23676.377358490565
xa.s12.00.mhz.1972-02-21HR00_evid00190.mseed,1972-02-21T06:54:05.943906,24845.584905660377
xa.s12.00.mhz.1972-02-21HR00_evid00190.mseed,1972-02-21T07:04:01.264660,25440.905660377357
xa.s12.00.mhz.1972-02-21HR00_evid00190.mseed,1972-02-21T07:13:11.604283,25991.245283018867
xa.s12.00.mhz.1972-02-21HR00_evid00190.mseed,1972-02-21T07:22:33.113717,26552.754716981133
xa.s12.00.mhz.1972-02-21HR00_evid00190.mseed,1972-02-21T07:41:00.736358,27660.377358490565
xa.s12.00.mhz.1972-02-21HR00_evid00190.mseed,1972-02-21T07:51:04.057113,28263.69811320755
xa.s12.00.mhz.1972-02-21HR00_evid00190.mseed,1972-02-21T08:00:39.151453,28838.79245283019
xa.s12.00.mhz.1972-02-21HR00_evid00190.mseed,1972-02-21T08:18:20.736358,29900.377358490565
xa.s12.00.mhz.1972-02-21HR00_evid00190.mseed,1972-02-21T08:28:24.962774,30504.603773584906
xa.s12.00.mhz.1972-02-21HR00_evid00190.mseed,1972-02-21T08:38:12.887302,31092.528301886792
xa.s12.00.mhz.1972-02-21HR00_evid00190.mseed,1972-02-21T08:48:07.453340,31687.094339622643
xa.s12.00.mhz.1972-02-21HR00_evid00190.mseed,1972-02-21T08:57:18.396736,32238.037735849055
xa.s12.00.mhz.1972-02-21HR00_evid00190.mseed,1972-02-21T09:07:05.415604,32825.056603773584
xa.s12.00.mhz.1972-02-21HR00_evid00190.mseed,1972-02-21T09:16:17.113717,33376.75471698113
xa.s12.00.mhz.1972-02-21HR00_evid00190.mseed,1972-02-21T09:26:07.151453,33966.79245283019
xa.s12.00.mhz.1972-02-21HR00_evid00190.mseed,1972-02-21T09:34:51.830698,34491.47169811321
xa.s12.00.mhz.1972-02-21HR00_evid00190.mseed,1972-02-21T10:03:13.415604,36193.056603773584
xa.s12.00.mhz.1972-02-21HR00_evid00190.mseed,1972-02-21T10:12:59.981642,36779.622641509435
xa.s12.00.mhz.1972-02-21HR00_evid00190.mseed,1972-02-21T10:32:21.491075,37941.1320754717
xa.s12.00.mhz.1972-02-21HR00_evid00190.mseed,1972-02-21T10:42:20.736358,38540.377358490565
xa.s12.00.mhz.1972-02-21HR00_evid00190.mseed,1972-02-21T10:49:59.151453,38998.79245283019
xa.s12.00.mhz.1972-02-21HR00_evid00190.mseed,1972-02-21T11:00:17.113717,39616.75471698113
xa.s12.00.mhz.1972-02-21HR00_evid00190.mseed,1972-02-21T11:10:50.019377,40249.660377358494
xa.s12.00.mhz.1972-02-21HR00_evid00190.mseed,1972-02-21T11:29:18.698623,41358.339622641506
xa.s12.00.mhz.1972-02-21HR00_evid00190.mseed,1972-02-21T11:57:18.849566,43038.49056603773
xa.s12.00.mhz.1972-02-21HR00_evid00190.mseed,1972-02-21T12:26:10.019377,44769.660377358494
xa.s12.00.mhz.1972-02-21HR00_evid00190.mseed,1972-02-21T12:35:23.679755,45323.32075471698
xa.s12.00.mhz.1972-02-21HR00_evid00190.mseed,1972-02-21T12:44:33.113717,45872.75471698113
xa.s12.00.mhz.1972-02-21HR00_evid00190.mseed,1972-02-21T12:53:59.151453,46438.79245283019
xa.s12.00.mhz.1972-02-21HR00_evid00190.mseed,1972-02-21T13:13:12.208057,47591.84905660377
xa.s12.00.mhz.1972-02-21HR00_evid00190.mseed,1972-02-21T13:22:29.491075,48149.1320754717
xa.s12.00.mhz.1972-02-21HR00_evid00190.mseed,1972-02-21T13:41:12.962774,49272.6037735849
xa.s12.00.mhz.1972-02-21HR00_evid00190.mseed,1972-02-21T13:51:01.038245,49860.67924528302
xa.s12.00.mhz.1972-02-21HR00_evid00190.mseed,1972-02-21T14:57:51.453340,53871.09433962264
xa.s12.00.mhz.1972-02-21HR00_evid00190.mseed,1972-02-21T15:07:38.623151,54458.264150943396
xa.s12.00.mhz.1972-02-21HR00_evid00190.mseed,1972-02-21T15:16:43.830698,55003.47169811321
xa.s12.00.mhz.1972-02-21HR00_evid00190.mseed,1972-02-21T15:35:54.925038,56154.56603773585
xa.s12.00.mhz.1972-02-21HR00_evid00190.mseed,1972-02-21T15:46:03.075981,56762.71698113208
xa.s12.00.mhz.1972-02-21HR00_evid00190.mseed,1972-02-21T18:26:24.660887,66384.30188679245
xa.s12.00.mhz.1972-02-21HR00_evid00190.mseed,1972-02-21T18:54:51.830698,68091.47169811321
xa.s12.00.mhz.1972-02-21HR00_evid00190.mseed,1972-02-21T20:10:30.849566,72630.49056603774
xa.s12.00.mhz.1972-02-21HR00_evid00190.mseed,1972-02-21T20:39:31.679755,74371.32075471699
xa.s12.00.mhz.1972-02-21HR00_evid00190.mseed,1972-02-21T20:59:25.792962,75565.43396226416
xa.s12.00.mhz.1972-02-21HR00_evid00190.mseed,1972-02-21T23:11:52.359000,83512.0
xa.s12.00.mhz.1972-02-21HR00_evid00190.mseed,1972-02-21T23:38:40.057113,85119.69811320755
xa.s12.00.mhz.1971-06-27HR00_evid00101.mseed,1971-06-27T00:10:00.080057,599.8490566037735
xa.s12.00.mhz.1971-06-27HR00_evid00101.mseed,1971-06-27T16:45:16.004585,60315.77358490566
xa.s12.00.mhz.1972-12-15HR00_evid00349.mseed,1972-12-15T00:10:00.538057,599.8490566037735
xa.s12.00.mhz.1972-12-15HR00_evid00349.mseed,1972-12-15T02:01:29.141830,7288.452830188679
xa.s12.00.mhz.1972-12-15HR00_evid00349.mseed,1972-12-15T06:06:11.556925,21970.867924528302
xa.s12.00.mhz.1972-12-15HR00_evid00349.mseed,1972-12-15T11:47:42.273906,42461.58490566038
xa.s12.00.mhz.1972-12-15HR00_evid00349.mseed,1972-12-15T21:19:49.066358,76788.37735849057
xa.s12.00.mhz.1972-12-15HR00_evid00349.mseed,1972-12-15T22:23:50.726736,80630.03773584905
xa.s12.00.mhz.1972-12-15HR00_evid00349.mseed,1972-12-15T23:02:19.707868,82939.01886792453
xa.s12.00.mhz.1973-10-03HR03_evid00461.mseed,1973-10-03T04:09:12.462304,599.8490566037735
xa.s12.00.mhz.1973-10-03HR03_evid00461.mseed,1973-10-03T04:16:29.896266,1037.2830188679245
xa.s12.00.mhz.1973-10-03HR03_evid00461.mseed,1973-10-03T04:27:03.254756,1670.6415094339623
xa.s12.00.mhz.1973-10-03HR03_evid00461.mseed,1973-10-03T05:04:48.009473,3935.396226415094
xa.s12.00.mhz.1973-10-03HR03_evid00461.mseed,1973-10-03T05:23:59.254756,5086.641509433963
xa.s12.00.mhz.1973-10-03HR03_evid00461.mseed,1973-10-03T05:33:15.330228,5642.7169811320755
xa.s12.00.mhz.1973-10-03HR03_evid00461.mseed,1973-10-03T06:29:03.556643,8990.943396226416
xa.s12.00.mhz.1973-10-03HR03_evid00461.mseed,1973-10-03T06:48:25.066077,10152.452830188678
xa.s12.00.mhz.1973-10-03HR03_evid00461.mseed,1973-10-03T07:06:56.009473,11263.396226415094
xa.s12.00.mhz.1973-10-03HR03_evid00461.mseed,1973-10-03T07:16:50.726455,11858.11320754717
xa.s12.00.mhz.1973-10-03HR03_evid00461.mseed,1973-10-03T07:54:41.518907,14128.905660377359
xa.s12.00.mhz.1973-10-03HR03_evid00461.mseed,1973-10-03T08:03:55.632115,14683.018867924528
xa.s12.00.mhz.1973-10-03HR03_evid00461.mseed,1973-10-03T08:13:16.537775,15243.924528301886
xa.s12.00.mhz.1973-10-03HR03_evid00461.mseed,1973-10-03T08:31:45.820794,16353.207547169812
xa.s12.00.mhz.1973-10-03HR03_evid00461.mseed,1973-10-03T09:38:48.764190,20376.150943396227
xa.s12.00.mhz.1973-10-03HR03_evid00461.mseed,1973-10-03T10:25:12.462304,23159.849056603773
xa.s12.00.mhz.1973-10-03HR03_evid00461.mseed,1973-10-03T11:13:21.066077,26048.45283018868
xa.s12.00.mhz.1973-10-03HR03_evid00461.mseed,1973-10-03T11:30:54.801926,27102.188679245282
xa.s12.00.mhz.1973-10-03HR03_evid00461.mseed,1973-10-03T11:59:17.292492,28804.67924528302
xa.s12.00.mhz.1973-10-03HR03_evid00461.mseed,1973-10-03T12:09:12.462304,29399.849056603773
xa.s12.00.mhz.1973-10-03HR03_evid00461.mseed,1973-10-03T13:29:01.292492,34188.67924528302
xa.s12.00.mhz.1973-10-03HR03_evid00461.mseed,1973-10-03T14:02:30.650983,36198.03773584906
xa.s12.00.mhz.1973-10-03HR03_evid00461.mseed,1973-10-03T14:20:59.783058,37307.16981132075
xa.s12.00.mhz.1973-10-03HR03_evid00461.mseed,1973-10-03T17:22:31.707587,48199.09433962264
xa.s12.00.mhz.1973-10-03HR03_evid00461.mseed,1973-10-03T20:37:31.783058,59899.16981132075
xa.s12.00.mhz.1973-10-03HR03_evid00461.mseed,1973-10-03T23:20:50.273624,69697.6603773585
xa.s12.00.mhz.1972-05-15HR00_evid00223.mseed,1972-05-15T00:10:00.110057,599.8490566037735
xa.s12.00.mhz.1972-05-15HR00_evid00223.mseed,1972-05-15T00:30:29.091189,1828.8301886792453
xa.s12.00.mhz.1972-05-15HR00_evid00223.mseed,1972-05-15T01:10:17.921377,4217.66037735849
xa.s12.00.mhz.1972-05-15HR00_evid00223.mseed,1972-05-15T01:21:10.298736,4870.037735849057
xa.s12.00.mhz.1972-05-15HR00_evid00223.mseed,1972-05-15T01:36:45.091189,5804.830188679245
xa.s12.00.mhz.1972-05-15HR00_evid00223.mseed,1972-05-15T01:47:34.147792,6453.88679245283
xa.s12.00.mhz.1972-05-15HR00_evid00223.mseed,1972-05-15T02:00:30.600623,7230.33962264151
xa.s12.00.mhz.1972-05-15HR00_evid00223.mseed,1972-05-15T02:16:57.317604,8217.056603773584
xa.s12.00.mhz.1972-05-15HR00_evid00223.mseed,1972-05-15T02:34:21.694962,9261.433962264151
xa.s12.00.mhz.1972-05-15HR00_evid00223.mseed,1972-05-15T03:11:32.638358,11492.377358490567
xa.s12.00.mhz.1972-05-15HR00_evid00223.mseed,1972-05-15T03:30:26.374208,12626.11320754717
xa.s12.00.mhz.1972-05-15HR00_evid00223.mseed,1972-05-15T03:47:35.808170,13655.547169811322
xa.s12.00.mhz.1972-05-15HR00_evid00223.mseed,1972-05-15T04:24:27.732698,15867.471698113208
xa.s12.00.mhz.1972-05-15HR00_evid00223.mseed,1972-05-15T04:31:11.355340,16271.094339622641
xa.s12.00.mhz.1972-05-15HR00_evid00223.mseed,1972-05-15T04:51:34.147792,17493.88679245283
xa.s12.00.mhz.1972-05-15HR00_evid00223.mseed,1972-05-15T05:11:06.072321,18665.811320754718
xa.s12.00.mhz.1972-05-15HR00_evid00223.mseed,1972-05-15T05:32:00.713830,19920.45283018868
xa.s12.00.mhz.1972-05-15HR00_evid00223.mseed,1972-05-15T05:42:51.279868,20571.01886792453
xa.s12.00.mhz.1972-05-15HR00_evid00223.mseed,1972-05-15T06:06:07.053453,21966.79245283019
xa.s12.00.mhz.1972-05-15HR00_evid00223.mseed,1972-05-15T06:17:22.072321,22641.811320754718
xa.s12.00.mhz.1972-05-15HR00_evid00223.mseed,1972-05-15T06:38:32.261000,23912.0
xa.s12.00.mhz.1972-05-15HR00_evid00223.mseed,1972-05-15T06:55:44.864774,24944.603773584906
xa.s12.00.mhz.1972-05-15HR00_evid00223.mseed,1972-05-15T07:04:29.544019,25469.283018867925
xa.s12.00.mhz.1972-05-15HR00_evid00223.mseed,1972-05-15T07:13:08.034585,25987.77358490566
xa.s12.00.mhz.1972-05-15HR00_evid00223.mseed,1972-05-15T07:23:48.487415,26628.22641509434
xa.s12.00.mhz.1972-05-15HR00_evid00223.mseed,1972-05-15T07:41:47.732698,27707.471698113208
xa.s12.00.mhz.1972-05-15HR00_evid00223.mseed,1972-05-15T07:51:52.864774,28312.603773584906
xa.s12.00.mhz.1972-05-15HR00_evid00223.mseed,1972-05-15T08:01:08.638358,28868.377358490565
xa.s12.00.mhz.1972-05-15HR00_evid00223.mseed,1972-05-15T08:20:29.694962,30029.43396226415
xa.s12.00.mhz.1972-05-15HR00_evid00223.mseed,1972-05-15T08:24:27.128925,30266.867924528302
xa.s12.00.mhz.1972-05-15HR00_evid00223.mseed,1972-05-15T09:05:37.770434,32737.509433962263
xa.s12.00.mhz.1972-05-15HR00_evid00223.mseed,1972-05-15T09:33:29.317604,34409.056603773584
xa.s12.00.mhz.1972-05-15HR00_evid00223.mseed,1972-05-15T10:42:55.053453,38574.79245283019
xa.s12.00.mhz.1972-05-15HR00_evid00223.mseed,1972-05-15T10:53:46.072321,39225.811320754714
xa.s12.00.mhz.1972-05-15HR00_evid00223.mseed,1972-05-15T11:37:09.242132,41828.981132075474
xa.s12.00.mhz.1972-05-15HR00_evid00223.mseed,1972-05-15T12:06:31.204396,43590.943396226416
xa.s12.00.mhz.1972-05-15HR00_evid00223.mseed,1972-05-15T12:18:47.808170,44327.54716981132
xa.s12.00.mhz.1972-05-15HR00_evid00223.mseed,1972-05-15T12:36:42.676094,45402.41509433962
xa.s12.00.mhz.1972-05-15HR00_evid00223.mseed,1972-05-15T13:02:36.789302,46956.52830188679
xa.s12.00.mhz.1972-05-15HR00_evid00223.mseed,1972-05-15T13:30:45.091189,48644.83018867925
xa.s12.00.mhz.1972-05-15HR00_evid00223.mseed,1972-05-15T13:50:40.713830,49840.45283018868
xa.s12.00.mhz.1972-05-15HR00_evid00223.mseed,1972-05-15T14:12:34.374208,51154.11320754717
xa.s12.00.mhz.1972-05-15HR00_evid00223.mseed,1972-05-15T14:17:40.789302,51460.52830188679
xa.s12.00.mhz.1972-05-15HR00_evid00223.mseed,1972-05-15T14:41:04.864774,52864.6037735849
xa.s12.00.mhz.1972-05-15HR00_evid00223.mseed,1972-05-15T15:02:30.902509,54150.64150943396
xa.s12.00.mhz.1972-05-15HR00_evid00223.mseed,1972-05-15T15:24:28.336472,55468.07547169811
xa.s12.00.mhz.1972-05-15HR00_evid00223.mseed,1972-05-15T15:42:54.449679,56574.188679245286
xa.s12.00.mhz.1972-05-15HR00_evid00223.mseed,1972-05-15T16:59:04.261000,61144.0
xa.s12.00.mhz.1972-05-15HR00_evid00223.mseed,1972-05-15T17:16:09.921377,62169.660377358494
xa.s12.00.mhz.1972-05-15HR00_evid00223.mseed,1972-05-15T18:51:31.883642,67891.62264150943
xa.s12.00.mhz.1972-05-15HR00_evid00223.mseed,1972-05-15T19:52:11.581755,71531.32075471699
xa.s12.00.mhz.1972-05-15HR00_evid00223.mseed,1972-05-15T20:10:41.166660,72640.90566037736
xa.s12.00.mhz.1972-05-15HR00_evid00223.mseed,1972-05-15T20:20:07.204396,73206.94339622642
xa.s12.00.mhz.1972-05-15HR00_evid00223.mseed,1972-05-15T20:39:24.940245,74364.67924528301
xa.s12.00.mhz.1972-05-15HR00_evid00223.mseed,1972-05-15T20:42:47.506283,74567.24528301887
xa.s12.00.mhz.1972-05-15HR00_evid00223.mseed,1972-05-15T21:07:27.506283,76047.24528301887
xa.s12.00.mhz.1972-05-15HR00_evid00223.mseed,1972-05-15T21:24:05.996849,77045.7358490566
xa.s12.00.mhz.1972-05-15HR00_evid00223.mseed,1972-05-15T21:30:05.694962,77405.43396226416
xa.s12.00.mhz.1972-05-15HR00_evid00223.mseed,1972-05-15T21:41:28.562887,78088.30188679245
xa.s12.00.mhz.1972-05-15HR00_evid00223.mseed,1972-05-15T21:59:34.147792,79173.88679245283
xa.s12.00.mhz.1972-05-15HR00_evid00223.mseed,1972-05-15T22:32:08.562887,81128.30188679245
xa.s12.00.mhz.1972-05-15HR00_evid00223.mseed,1972-05-15T22:51:18.600623,82278.3396226415
xa.s12.00.mhz.1972-05-15HR00_evid00223.mseed,1972-05-15T23:18:21.393075,83901.1320754717
xa.s12.00.mhz.1972-05-15HR00_evid00223.mseed,1972-05-15T23:37:16.940245,85036.67924528301
xa.s12.00.mhz.1972-05-19HR00_evid00228.mseed,1972-05-19T00:09:59.970057,599.8490566037735
xa.s12.00.mhz.1972-05-19HR00_evid00228.mseed,1972-05-19T01:14:27.290811,4467.169811320755
xa.s12.00.mhz.1972-05-19HR00_evid00228.mseed,1972-05-19T01:23:27.668170,5007.547169811321
xa.s12.00.mhz.1972-05-19HR00_evid00228.mseed,1972-05-19T01:53:06.083264,6785.962264150943
xa.s12.00.mhz.1972-05-19HR00_evid00228.mseed,1972-05-19T02:11:41.253075,7901.132075471698
xa.s12.00.mhz.1972-05-19HR00_evid00228.mseed,1972-05-19T02:59:35.215340,10775.094339622641
xa.s12.00.mhz.1972-05-19HR00_evid00228.mseed,1972-05-19T03:27:47.139868,12467.018867924528
xa.s12.00.mhz.1972-05-19HR00_evid00228.mseed,1972-05-19T03:46:30.158736,13590.037735849057
xa.s12.00.mhz.1972-05-19HR00_evid00228.mseed,1972-05-19T03:55:45.781377,14145.66037735849
xa.s12.00.mhz.1972-05-19HR00_evid00228.mseed,1972-05-19T04:35:06.837981,16506.716981132075
xa.s12.00.mhz.1972-05-19HR00_evid00228.mseed,1972-05-19T05:21:14.837981,19274.716981132075
xa.s12.00.mhz.1972-05-19HR00_evid00228.mseed,1972-05-19T05:39:32.347415,20372.22641509434
xa.s12.00.mhz.1972-05-19HR00_evid00228.mseed,1972-05-19T06:00:16.724774,21616.603773584906
xa.s12.00.mhz.1972-05-19HR00_evid00228.mseed,1972-05-19T06:09:05.177604,22145.056603773584
xa.s12.00.mhz.1972-05-19HR00_evid00228.mseed,1972-05-19T06:26:51.441755,23211.32075471698
xa.s12.00.mhz.1972-05-19HR00_evid00228.mseed,1972-05-19T06:36:55.517226,23815.396226415094
xa.s12.00.mhz.1972-05-19HR00_evid00228.mseed,1972-05-19T06:46:49.932321,24409.811320754718
xa.s12.00.mhz.1972-05-19HR00_evid00228.mseed,1972-05-19T06:55:49.554962,24949.43396226415
xa.s12.00.mhz.1972-05-19HR00_evid00228.mseed,1972-05-19T07:15:15.894585,26115.77358490566
xa.s12.00.mhz.1972-05-19HR00_evid00228.mseed,1972-05-19T08:12:02.837981,29522.716981132075
xa.s12.00.mhz.1972-05-19HR00_evid00228.mseed,1972-05-19T09:37:05.781377,34625.660377358494
xa.s12.00.mhz.1972-05-19HR00_evid00228.mseed,1972-05-19T10:05:29.026660,36328.90566037736
xa.s12.00.mhz.1972-05-19HR00_evid00228.mseed,1972-05-19T10:34:22.611566,38062.49056603773
xa.s12.00.mhz.1972-05-19HR00_evid00228.mseed,1972-05-19T10:43:40.498358,38620.377358490565
xa.s12.00.mhz.1972-05-19HR00_evid00228.mseed,1972-05-19T10:53:26.611566,39206.49056603773
xa.s12.00.mhz.1972-05-19HR00_evid00228.mseed,1972-05-19T11:02:04.498358,39724.377358490565
xa.s12.00.mhz.1972-05-19HR00_evid00228.mseed,1972-05-19T11:11:41.705906,40301.58490566038
xa.s12.00.mhz.1972-05-19HR00_evid00228.mseed,1972-05-19T11:30:39.064396,41438.943396226416
xa.s12.00.mhz.1972-05-19HR00_evid00228.mseed,1972-05-19T11:40:46.611566,42046.49056603773
xa.s12.00.mhz.1972-05-19HR00_evid00228.mseed,1972-05-19T11:50:17.026660,42616.90566037736
xa.s12.00.mhz.1972-05-19HR00_evid00228.mseed,1972-05-19T12:09:04.573830,43744.45283018868
xa.s12.00.mhz.1972-05-19HR00_evid00228.mseed,1972-05-19T12:18:34.687038,44314.56603773585
xa.s12.00.mhz.1972-05-19HR00_evid00228.mseed,1972-05-19T12:27:56.800245,44876.67924528302
xa.s12.00.mhz.1972-05-19HR00_evid00228.mseed,1972-05-19T12:37:50.309679,45470.188679245286
xa.s12.00.mhz.1972-05-19HR00_evid00228.mseed,1972-05-19T14:21:24.196472,51684.07547169811
xa.s12.00.mhz.1972-05-19HR00_evid00228.mseed,1972-05-19T14:39:59.668170,52799.54716981132
xa.s12.00.mhz.1972-05-19HR00_evid00228.mseed,1972-05-19T14:49:16.951189,53356.83018867925
xa.s12.00.mhz.1972-05-19HR00_evid00228.mseed,1972-05-19T14:59:37.177604,53977.056603773584
xa.s12.00.mhz.1972-05-19HR00_evid00228.mseed,1972-05-19T15:18:24.121000,55104.0
xa.s12.00.mhz.1972-05-19HR00_evid00228.mseed,1972-05-19T15:27:47.743642,55667.622641509435
xa.s12.00.mhz.1972-05-19HR00_evid00228.mseed,1972-05-19T15:38:11.139868,56291.018867924526
xa.s12.00.mhz.1972-05-19HR00_evid00228.mseed,1972-05-19T15:46:40.271943,56800.15094339623
xa.s12.00.mhz.1972-05-19HR00_evid00228.mseed,1972-05-19T15:56:39.819113,57399.698113207545
xa.s12.00.mhz.1972-05-19HR00_evid00228.mseed,1972-05-19T16:06:16.121000,57976.0
xa.s12.00.mhz.1972-05-19HR00_evid00228.mseed,1972-05-19T16:53:09.102132,60788.981132075474
xa.s12.00.mhz.1972-05-19HR00_evid00228.mseed,1972-05-19T17:02:31.517226,61351.3962264151
xa.s12.00.mhz.1972-05-19HR00_evid00228.mseed,1972-05-19T17:12:37.102132,61956.981132075474
xa.s12.00.mhz.1972-05-19HR00_evid00228.mseed,1972-05-19T17:31:10.762509,63070.64150943396
xa.s12.00.mhz.1972-05-19HR00_evid00228.mseed,1972-05-19T17:40:32.875717,63632.75471698113
xa.s12.00.mhz.1972-05-19HR00_evid00228.mseed,1972-05-19T17:50:51.592698,64251.47169811321
xa.s12.00.mhz.1972-05-19HR00_evid00228.mseed,1972-05-19T18:07:33.705906,65253.58490566038
xa.s12.00.mhz.1972-05-19HR00_evid00228.mseed,1972-05-19T18:19:12.875717,65952.75471698113
xa.s12.00.mhz.1972-05-19HR00_evid00228.mseed,1972-05-19T18:27:22.385151,66442.2641509434
xa.s12.00.mhz.1972-05-19HR00_evid00228.mseed,1972-05-19T19:53:50.913453,71630.7924528302
xa.s12.00.mhz.1972-05-19HR00_evid00228.mseed,1972-05-19T20:03:21.781377,72201.6603773585
xa.s12.00.mhz.1972-05-19HR00_evid00228.mseed,1972-05-19T20:12:15.970057,72735.84905660378
xa.s12.00.mhz.1972-05-19HR00_evid00228.mseed,1972-05-19T20:32:01.479491,73921.35849056604
xa.s12.00.mhz.1972-05-19HR00_evid00228.mseed,1972-05-19T20:41:11.366283,74471.24528301887
xa.s12.00.mhz.1972-05-19HR00_evid00228.mseed,1972-05-19T20:51:06.536094,75066.41509433962
xa.s12.00.mhz.1972-05-19HR00_evid00228.mseed,1972-05-19T21:09:11.668170,76151.54716981133
xa.s12.00.mhz.1972-05-19HR00_evid00228.mseed,1972-05-19T21:28:19.743642,77299.62264150943
xa.s12.00.mhz.1972-05-19HR00_evid00228.mseed,1972-05-19T21:38:17.781377,77897.6603773585
xa.s12.00.mhz.1972-05-19HR00_evid00228.mseed,1972-05-19T21:54:39.668170,78879.54716981133
xa.s12.00.mhz.1972-05-19HR00_evid00228.mseed,1972-05-19T22:15:51.668170,80151.54716981133
xa.s12.00.mhz.1972-05-19HR00_evid00228.mseed,1972-05-19T22:24:24.121000,80664.0
xa.s12.00.mhz.1972-05-19HR00_evid00228.mseed,1972-05-19T22:34:15.064396,81254.94339622642
xa.s12.00.mhz.1972-05-19HR00_evid00228.mseed,1972-05-19T22:43:29.177604,81809.05660377358
xa.s12.00.mhz.1972-05-19HR00_evid00228.mseed,1972-05-19T22:53:57.102132,82436.98113207547
xa.s12.00.mhz.1972-05-19HR00_evid00228.mseed,1972-05-19T23:11:43.064396,83502.94339622642
xa.s12.00.mhz.1972-05-19HR00_evid00228.mseed,1972-05-19T23:22:14.762509,84134.64150943396
xa.s12.00.mhz.1972-05-19HR00_evid00228.mseed,1972-05-19T23:30:31.819113,84631.69811320755
xa.s12.00.mhz.1972-05-19HR00_evid00228.mseed,1972-05-19T23:40:57.177604,85257.05660377358
xa.s12.00.mhz.1972-05-19HR00_evid00228.mseed,1972-05-19T23:59:31.592698,86371.47169811321
xa.s12.00.mhz.1973-10-10HR00_evid00463.mseed,1973-10-10T00:10:07.345453,606.7924528301887
xa.s12.00.mhz.1973-10-10HR00_evid00463.mseed,1973-10-10T00:40:19.722811,2419.169811320755
xa.s12.00.mhz.1973-10-10HR00_evid00463.mseed,1973-10-10T01:13:39.269981,4418.7169811320755
xa.s12.00.mhz.1973-10-10HR00_evid00463.mseed,1973-10-10T01:25:26.892623,5126.33962264151
xa.s12.00.mhz.1973-10-10HR00_evid00463.mseed,1973-10-10T01:41:10.137906,6069.584905660377
xa.s12.00.mhz.1973-10-10HR00_evid00463.mseed,1973-10-10T02:01:26.590736,7286.037735849057
xa.s12.00.mhz.1973-10-10HR00_evid00463.mseed,1973-10-10T02:44:26.666208,9866.11320754717
xa.s12.00.mhz.1973-10-10HR00_evid00463.mseed,1973-10-10T13:10:59.119038,47458.56603773585
xa.s12.00.mhz.1973-10-10HR00_evid00463.mseed,1973-10-10T13:24:07.194509,48246.64150943396
xa.s12.00.mhz.1973-10-10HR00_evid00463.mseed,1973-10-10T13:34:18.364321,48857.811320754714
xa.s12.00.mhz.1973-10-10HR00_evid00463.mseed,1973-10-10T14:17:39.119038,51458.56603773585
xa.s12.00.mhz.1973-10-10HR00_evid00463.mseed,1973-10-10T14:40:28.779415,52828.22641509434
xa.s12.00.mhz.1973-10-10HR00_evid00463.mseed,1973-10-10T14:48:19.119038,53298.56603773585
xa.s12.00.mhz.1973-10-10HR00_evid00463.mseed,1973-10-10T15:29:19.647340,55759.09433962264
xa.s12.00.mhz.1973-10-10HR00_evid00463.mseed,1973-10-10T16:01:03.798283,57663.24528301887
xa.s12.00.mhz.1973-10-10HR00_evid00463.mseed,1973-10-10T16:37:55.420925,59874.8679245283
xa.s12.00.mhz.1973-10-10HR00_evid00463.mseed,1973-10-10T16:49:01.986962,60541.43396226415
xa.s12.00.mhz.1973-10-10HR00_evid00463.mseed,1973-10-10T17:01:47.571868,61307.018867924526
xa.s12.00.mhz.1973-10-10HR00_evid00463.mseed,1973-10-10T17:27:33.081302,62852.52830188679
xa.s12.00.mhz.1973-10-10HR00_evid00463.mseed,1973-10-10T17:45:07.722811,63907.16981132075
xa.s12.00.mhz.1973-10-10HR00_evid00463.mseed,1973-10-10T18:08:53.383189,65332.83018867925
xa.s12.00.mhz.1973-10-10HR00_evid00463.mseed,1973-10-10T18:36:18.062434,66977.50943396226
xa.s12.00.mhz.1973-10-10HR00_evid00463.mseed,1973-10-10T18:46:41.005830,67600.45283018867
xa.s12.00.mhz.1973-10-10HR00_evid00463.mseed,1973-10-10T19:05:28.251113,68727.69811320755
xa.s12.00.mhz.1973-10-10HR00_evid00463.mseed,1973-10-10T19:41:33.232245,70892.67924528301
xa.s12.00.mhz.1973-10-10HR00_evid00463.mseed,1973-10-10T20:08:50.817151,72530.2641509434
xa.s12.00.mhz.1973-10-10HR00_evid00463.mseed,1973-10-10T20:19:52.402057,73191.84905660378
xa.s12.00.mhz.1973-10-10HR00_evid00463.mseed,1973-10-10T20:31:09.836019,73869.28301886792
xa.s12.00.mhz.1973-10-10HR00_evid00463.mseed,1973-10-10T20:42:47.798283,74567.24528301887
xa.s12.00.mhz.1973-10-10HR00_evid00463.mseed,1973-10-10T21:01:12.251113,75671.69811320755
xa.s12.00.mhz.1973-10-10HR00_evid00463.mseed,1973-10-10T21:13:59.647340,76439.09433962264
xa.s12.00.mhz.1973-10-10HR00_evid00463.mseed,1973-10-10T21:20:22.590736,76822.03773584905
xa.s12.00.mhz.1973-10-10HR00_evid00463.mseed,1973-10-10T21:24:58.968094,77098.41509433962
xa.s12.00.mhz.1973-10-10HR00_evid00463.mseed,1973-10-10T21:30:52.628472,77452.07547169812
xa.s12.00.mhz.1973-10-10HR00_evid00463.mseed,1973-10-10T22:15:39.119038,80138.56603773584
xa.s12.00.mhz.1973-10-10HR00_evid00463.mseed,1973-10-10T22:22:14.439792,80533.88679245283
xa.s12.00.mhz.1973-10-10HR00_evid00463.mseed,1973-10-10T22:33:22.817151,81202.2641509434
xa.s12.00.mhz.1973-10-10HR00_evid00463.mseed,1973-10-10T22:47:57.534132,82076.98113207547
xa.s12.00.mhz.1973-10-10HR00_evid00463.mseed,1973-10-10T22:55:58.741679,82558.18867924529
xa.s12.00.mhz.1973-10-10HR00_evid00463.mseed,1973-10-10T23:06:38.288849,83197.7358490566
xa.s12.00.mhz.1973-10-10HR00_evid00463.mseed,1973-10-10T23:28:42.817151,84522.2641509434
xa.s12.00.mhz.1973-10-10HR00_evid00463.mseed,1973-10-10T23:41:07.119038,85266.56603773584
xa.s12.00.mhz.1970-06-19HR00_evid00031.mseed,1970-06-19T00:10:00.012057,599.8490566037735
xa.s12.00.mhz.1970-06-19HR00_evid00031.mseed,1970-06-19T04:46:17.823377,17177.66037735849
xa.s12.00.mhz.1970-06-19HR00_evid00031.mseed,1970-06-19T05:31:49.898849,19909.735849056604
xa.s12.00.mhz.1970-06-19HR00_evid00031.mseed,1970-06-19T06:04:53.898849,21893.735849056604
xa.s12.00.mhz.1970-06-19HR00_evid00031.mseed,1970-06-19T15:48:26.879981,56906.71698113208
xa.s12.00.mhz.1975-06-15HR00_evid00660.mseed,1975-06-15T00:10:00.186057,599.8490566037735
xa.s12.00.mhz.1975-06-15HR00_evid00660.mseed,1975-06-15T00:17:29.544547,1049.2075471698113
xa.s12.00.mhz.1975-06-15HR00_evid00660.mseed,1975-06-15T00:55:43.431340,3343.0943396226417
xa.s12.00.mhz.1975-06-15HR00_evid00660.mseed,1975-06-15T01:13:33.167189,4412.830188679245
xa.s12.00.mhz.1975-06-15HR00_evid00660.mseed,1975-06-15T01:19:01.620019,4741.2830188679245
xa.s12.00.mhz.1975-06-15HR00_evid00660.mseed,1975-06-15T01:47:07.506811,6427.169811320755
xa.s12.00.mhz.1975-06-15HR00_evid00660.mseed,1975-06-15T01:52:23.431340,6743.094339622641
xa.s12.00.mhz.1975-06-15HR00_evid00660.mseed,1975-06-15T02:19:22.148321,8361.811320754718
xa.s12.00.mhz.1975-06-15HR00_evid00660.mseed,1975-06-15T02:40:02.299264,9601.962264150943
xa.s12.00.mhz.1975-06-15HR00_evid00660.mseed,1975-06-15T02:47:39.808698,10059.471698113208
xa.s12.00.mhz.1975-06-15HR00_evid00660.mseed,1975-06-15T03:00:26.903038,10826.566037735849
xa.s12.00.mhz.1975-06-15HR00_evid00660.mseed,1975-06-15T03:23:22.903038,12202.566037735849
xa.s12.00.mhz.1975-06-15HR00_evid00660.mseed,1975-06-15T03:42:52.714358,13372.377358490567
xa.s12.00.mhz.1975-06-15HR00_evid00660.mseed,1975-06-15T03:56:15.884170,14175.547169811322
xa.s12.00.mhz.1975-06-15HR00_evid00660.mseed,1975-06-15T05:33:02.223792,19981.88679245283
xa.s12.00.mhz.1975-06-15HR00_evid00660.mseed,1975-06-15T05:50:11.808698,21011.471698113208
xa.s12.00.mhz.1975-06-15HR00_evid00660.mseed,1975-06-15T05:59:41.167189,21580.830188679247
xa.s12.00.mhz.1975-06-15HR00_evid00660.mseed,1975-06-15T06:26:21.921906,23181.584905660377
xa.s12.00.mhz.1975-06-15HR00_evid00660.mseed,1975-06-15T06:37:46.299264,23865.962264150945
xa.s12.00.mhz.1975-06-15HR00_evid00660.mseed,1975-06-15T07:02:46.978509,25366.64150943396
xa.s12.00.mhz.1975-06-15HR00_evid00660.mseed,1975-06-15T07:21:54.752094,26514.415094339623
xa.s12.00.mhz.1975-06-15HR00_evid00660.mseed,1975-06-15T07:51:32.412472,28292.075471698114
xa.s12.00.mhz.1975-06-15HR00_evid00660.mseed,1975-06-15T08:00:06.827566,28806.490566037737
xa.s12.00.mhz.1975-06-15HR00_evid00660.mseed,1975-06-15T08:08:22.223792,29301.88679245283
xa.s12.00.mhz.1975-06-15HR00_evid00660.mseed,1975-06-15T08:18:10.148321,29889.811320754718
xa.s12.00.mhz.1975-06-15HR00_evid00660.mseed,1975-06-15T08:36:25.242660,30984.905660377357
xa.s12.00.mhz.1975-06-15HR00_evid00660.mseed,1975-06-15T08:47:12.337000,31632.0
xa.s12.00.mhz.1975-06-15HR00_evid00660.mseed,1975-06-15T08:54:24.487943,32064.150943396227
xa.s12.00.mhz.1975-06-15HR00_evid00660.mseed,1975-06-15T09:05:07.053981,32706.716981132075
xa.s12.00.mhz.1975-06-15HR00_evid00660.mseed,1975-06-15T09:19:16.110585,33555.77358490566
xa.s12.00.mhz.1975-06-15HR00_evid00660.mseed,1975-06-15T09:25:10.525679,33910.188679245286
xa.s12.00.mhz.1975-06-15HR00_evid00660.mseed,1975-06-15T09:40:04.714358,34804.377358490565
xa.s12.00.mhz.1975-06-15HR00_evid00660.mseed,1975-06-15T09:51:13.242660,35472.90566037736
xa.s12.00.mhz.1975-06-15HR00_evid00660.mseed,1975-06-15T10:27:55.808698,37675.47169811321
xa.s12.00.mhz.1975-06-15HR00_evid00660.mseed,1975-06-15T10:47:59.884170,38879.54716981132
xa.s12.00.mhz.1975-06-15HR00_evid00660.mseed,1975-06-15T10:53:25.770962,39205.43396226415
xa.s12.00.mhz.1975-06-15HR00_evid00660.mseed,1975-06-15T11:04:44.865302,39884.52830188679
xa.s12.00.mhz.1975-06-15HR00_evid00660.mseed,1975-06-15T11:13:29.393604,40409.056603773584
xa.s12.00.mhz.1975-06-15HR00_evid00660.mseed,1975-06-15T11:22:57.695491,40977.35849056604
xa.s12.00.mhz.1975-06-15HR00_evid00660.mseed,1975-06-15T11:30:26.450208,41426.11320754717
xa.s12.00.mhz.1975-06-15HR00_evid00660.mseed,1975-06-15T11:42:29.167189,42148.83018867925
xa.s12.00.mhz.1975-06-15HR00_evid00660.mseed,1975-06-15T11:58:49.091717,43128.75471698113
xa.s12.00.mhz.1975-06-15HR00_evid00660.mseed,1975-06-15T12:12:30.676623,43950.339622641506
xa.s12.00.mhz.1975-06-15HR00_evid00660.mseed,1975-06-15T12:21:26.525679,44486.188679245286
xa.s12.00.mhz.1975-06-15HR00_evid00660.mseed,1975-06-15T12:35:21.091717,45320.75471698113
xa.s12.00.mhz.1975-06-15HR00_evid00660.mseed,1975-06-15T12:44:33.544547,45873.20754716981
xa.s12.00.mhz.1975-06-15HR00_evid00660.mseed,1975-06-15T12:53:06.148321,46385.811320754714
xa.s12.00.mhz.1975-06-15HR00_evid00660.mseed,1975-06-15T13:02:54.978509,46974.64150943396
xa.s12.00.mhz.1975-06-15HR00_evid00660.mseed,1975-06-15T13:13:00.412472,47580.07547169811
xa.s12.00.mhz.1975-06-15HR00_evid00660.mseed,1975-06-15T13:21:26.978509,48086.64150943396
xa.s12.00.mhz.1975-06-15HR00_evid00660.mseed,1975-06-15T13:31:24.865302,48684.52830188679
xa.s12.00.mhz.1975-06-15HR00_evid00660.mseed,1975-06-15T13:40:31.733226,49231.3962264151
xa.s12.00.mhz.1975-06-15HR00_evid00660.mseed,1975-06-15T13:48:18.752094,49698.41509433962
xa.s12.00.mhz.1975-06-15HR00_evid00660.mseed,1975-06-15T14:16:48.487943,51408.15094339623
xa.s12.00.mhz.1975-06-15HR00_evid00660.mseed,1975-06-15T14:26:21.620019,51981.28301886792
xa.s12.00.mhz.1975-06-15HR00_evid00660.mseed,1975-06-15T14:44:41.091717,53080.75471698113
xa.s12.00.mhz.1975-06-15HR00_evid00660.mseed,1975-06-15T14:57:20.337000,53840.0
xa.s12.00.mhz.1975-06-15HR00_evid00660.mseed,1975-06-15T15:01:31.959642,54091.622641509435
xa.s12.00.mhz.1975-06-15HR00_evid00660.mseed,1975-06-15T15:12:05.469075,54725.1320754717
xa.s12.00.mhz.1975-06-15HR00_evid00660.mseed,1975-06-15T15:30:18.903038,55818.56603773585
xa.s12.00.mhz.1975-06-15HR00_evid00660.mseed,1975-06-15T15:42:10.450208,56530.11320754717
xa.s12.00.mhz.1975-06-15HR00_evid00660.mseed,1975-06-15T16:00:22.676623,57622.339622641506
xa.s12.00.mhz.1975-06-15HR00_evid00660.mseed,1975-06-15T16:10:23.431340,58223.09433962264
xa.s12.00.mhz.1975-06-15HR00_evid00660.mseed,1975-06-15T16:20:15.129453,58814.79245283019
xa.s12.00.mhz.1975-06-15HR00_evid00660.mseed,1975-06-15T16:29:09.318132,59348.981132075474
xa.s12.00.mhz.1975-06-15HR00_evid00660.mseed,1975-06-15T16:45:58.072849,60357.735849056604
xa.s12.00.mhz.1975-06-15HR00_evid00660.mseed,1975-06-15T17:06:43.506811,61603.16981132075
xa.s12.00.mhz.1975-06-15HR00_evid00660.mseed,1975-06-15T17:20:21.469075,62421.1320754717
xa.s12.00.mhz.1975-06-15HR00_evid00660.mseed,1975-06-15T17:29:18.676623,62958.339622641506
xa.s12.00.mhz.1975-06-15HR00_evid00660.mseed,1975-06-15T17:48:37.770962,64117.43396226415
xa.s12.00.mhz.1975-06-15HR00_evid00660.mseed,1975-06-15T18:06:11.657755,65171.32075471698
xa.s12.00.mhz.1975-06-15HR00_evid00660.mseed,1975-06-15T18:16:09.997377,65769.6603773585
xa.s12.00.mhz.1975-06-15HR00_evid00660.mseed,1975-06-15T18:23:56.563415,66236.22641509434
xa.s12.00.mhz.1975-06-15HR00_evid00660.mseed,1975-06-15T18:34:26.752094,66866.41509433962
xa.s12.00.mhz.1975-06-15HR00_evid00660.mseed,1975-06-15T18:44:36.563415,67476.22641509434
xa.s12.00.mhz.1975-06-15HR00_evid00660.mseed,1975-06-15T18:51:39.204925,67898.8679245283
xa.s12.00.mhz.1975-06-15HR00_evid00660.mseed,1975-06-15T19:10:57.544547,69057.2075471698
xa.s12.00.mhz.1975-06-15HR00_evid00660.mseed,1975-06-15T19:37:27.431340,70647.09433962264
xa.s12.00.mhz.1975-06-15HR00_evid00660.mseed,1975-06-15T19:47:30.299264,71249.96226415095
xa.s12.00.mhz.1975-06-15HR00_evid00660.mseed,1975-06-15T20:06:08.035113,72367.69811320755
xa.s12.00.mhz.1975-06-15HR00_evid00660.mseed,1975-06-15T20:24:38.978509,73478.64150943396
xa.s12.00.mhz.1975-06-15HR00_evid00660.mseed,1975-06-15T20:34:37.167189,74076.83018867925
xa.s12.00.mhz.1975-06-15HR00_evid00660.mseed,1975-06-15T21:01:56.714358,75716.37735849057
xa.s12.00.mhz.1975-06-15HR00_evid00660.mseed,1975-06-15T21:19:20.638887,76760.30188679245
xa.s12.00.mhz.1975-06-15HR00_evid00660.mseed,1975-06-15T21:29:44.638887,77384.30188679245
xa.s12.00.mhz.1975-06-15HR00_evid00660.mseed,1975-06-15T21:40:03.506811,78003.16981132075
xa.s12.00.mhz.1975-06-15HR00_evid00660.mseed,1975-06-15T21:56:22.223792,78981.88679245283
xa.s12.00.mhz.1975-06-15HR00_evid00660.mseed,1975-06-15T22:12:26.752094,79946.41509433962
xa.s12.00.mhz.1975-06-15HR00_evid00660.mseed,1975-06-15T22:33:06.752094,81186.41509433962
xa.s12.00.mhz.1975-06-15HR00_evid00660.mseed,1975-06-15T22:46:16.337000,81976.0
xa.s12.00.mhz.1975-06-15HR00_evid00660.mseed,1975-06-15T22:51:40.865302,82300.52830188679
xa.s12.00.mhz.1975-06-15HR00_evid00660.mseed,1975-06-15T23:02:41.242660,82960.90566037736
xa.s12.00.mhz.1975-06-15HR00_evid00660.mseed,1975-06-15T23:09:13.544547,83353.2075471698
xa.s12.00.mhz.1975-06-15HR00_evid00660.mseed,1975-06-15T23:27:14.903038,84434.56603773584
xa.s12.00.mhz.1977-04-26HR00_evid00924.mseed,1977-04-26T00:10:00.290057,599.8490566037735
xa.s12.00.mhz.1977-04-26HR00_evid00924.mseed,1977-04-26T05:09:07.007038,18546.56603773585
xa.s12.00.mhz.1977-04-26HR00_evid00924.mseed,1977-04-26T06:19:32.969302,22772.528301886792
xa.s12.00.mhz.1977-04-26HR00_evid00924.mseed,1977-04-26T06:41:42.327792,24101.88679245283
xa.s12.00.mhz.1977-04-26HR00_evid00924.mseed,1977-04-26T07:09:52.290057,25791.849056603773
xa.s12.00.mhz.1977-04-26HR00_evid00924.mseed,1977-04-26T10:14:50.856094,36890.41509433962
xa.s12.00.mhz.1977-04-26HR00_evid00924.mseed,1977-04-26T11:31:47.761755,41507.32075471698
xa.s12.00.mhz.1977-04-26HR00_evid00924.mseed,1977-04-26T11:56:31.988170,42991.54716981132
xa.s12.00.mhz.1977-04-26HR00_evid00924.mseed,1977-04-26T12:28:37.422132,44916.981132075474
xa.s12.00.mhz.1977-04-26HR00_evid00924.mseed,1977-04-26T13:03:30.705151,47010.264150943396
xa.s12.00.mhz.1977-04-26HR00_evid00924.mseed,1977-04-26T16:37:08.063642,59827.622641509435
xa.s12.00.mhz.1977-04-26HR00_evid00924.mseed,1977-04-26T20:32:51.157981,73970.71698113208
xa.s12.00.mhz.1977-04-26HR00_evid00924.mseed,1977-04-26T22:24:51.007038,80690.56603773584
xa.s12.00.mhz.1975-06-17HR00_evid00662.mseed,1975-06-17T00:10:00.425057,599.8490566037735
xa.s12.00.mhz.1975-06-17HR00_evid00662.mseed,1975-06-17T01:47:05.330717,6424.754716981132
xa.s12.00.mhz.1975-06-17HR00_evid00662.mseed,1975-06-17T02:37:18.764679,9438.188679245282
xa.s12.00.mhz.1975-06-17HR00_evid00662.mseed,1975-06-17T03:25:15.142038,12314.566037735849
xa.s12.00.mhz.1975-06-17HR00_evid00662.mseed,1975-06-17T03:34:25.028830,12864.452830188678
xa.s12.00.mhz.1975-06-17HR00_evid00662.mseed,1975-06-17T04:50:56.726943,17456.150943396227
xa.s12.00.mhz.1975-06-17HR00_evid00662.mseed,1975-06-17T09:46:09.783547,35169.20754716981
xa.s12.00.mhz.1975-06-17HR00_evid00662.mseed,1975-06-17T10:14:20.500528,36859.92452830189
xa.s12.00.mhz.1975-06-17HR00_evid00662.mseed,1975-06-17T11:14:01.179774,40440.6037735849
xa.s12.00.mhz.1975-06-17HR00_evid00662.mseed,1975-06-17T12:16:53.557132,44212.981132075474
xa.s12.00.mhz.1975-06-17HR00_evid00662.mseed,1975-06-17T16:21:50.462792,58909.88679245283
xa.s12.00.mhz.1975-06-17HR00_evid00662.mseed,1975-06-17T17:17:40.047698,62259.47169811321
xa.s12.00.mhz.1975-06-17HR00_evid00662.mseed,1975-06-17T17:31:25.708075,63085.1320754717
xa.s12.00.mhz.1975-06-17HR00_evid00662.mseed,1975-06-17T19:36:07.066566,70566.49056603774
xa.s12.00.mhz.1975-06-17HR00_evid00662.mseed,1975-06-17T20:31:09.104302,73868.52830188679
xa.s12.00.mhz.1973-11-22HR00_evid00475.mseed,1973-11-22T00:10:00.508057,599.8490566037735
xa.s12.00.mhz.1973-11-22HR00_evid00475.mseed,1973-11-22T00:19:30.772208,1170.1132075471698
xa.s12.00.mhz.1973-11-22HR00_evid00475.mseed,1973-11-22T00:57:14.168434,3433.509433962264
xa.s12.00.mhz.1973-11-22HR00_evid00475.mseed,1973-11-22T01:07:16.432585,4035.7735849056603
xa.s12.00.mhz.1973-11-22HR00_evid00475.mseed,1973-11-22T01:15:47.375981,4546.7169811320755
xa.s12.00.mhz.1973-11-22HR00_evid00475.mseed,1973-11-22T01:43:10.696736,6190.037735849057
xa.s12.00.mhz.1973-11-22HR00_evid00475.mseed,1973-11-22T01:52:24.960887,6744.301886792453
xa.s12.00.mhz.1973-11-22HR00_evid00475.mseed,1973-11-22T02:01:59.300509,7318.641509433963
xa.s12.00.mhz.1973-11-22HR00_evid00475.mseed,1973-11-22T02:10:37.640132,7836.981132075472
xa.s12.00.mhz.1973-11-22HR00_evid00475.mseed,1973-11-22T02:19:08.130698,8347.471698113208
xa.s12.00.mhz.1973-11-22HR00_evid00475.mseed,1973-11-22T02:36:33.413717,9392.754716981131
xa.s12.00.mhz.1973-11-22HR00_evid00475.mseed,1973-11-22T02:47:00.583528,10019.924528301886
xa.s12.00.mhz.1973-11-22HR00_evid00475.mseed,1973-11-22T03:13:28.357113,11607.698113207547
xa.s12.00.mhz.1973-11-22HR00_evid00475.mseed,1973-11-22T03:54:36.281642,14075.622641509433
xa.s12.00.mhz.1973-11-22HR00_evid00475.mseed,1973-11-22T04:12:53.640132,15172.981132075472
xa.s12.00.mhz.1973-11-22HR00_evid00475.mseed,1973-11-22T04:31:29.262774,16288.603773584906
xa.s12.00.mhz.1973-11-22HR00_evid00475.mseed,1973-11-22T04:41:50.092962,16909.43396226415
xa.s12.00.mhz.1973-11-22HR00_evid00475.mseed,1973-11-22T04:51:21.111830,17480.45283018868
xa.s12.00.mhz.1973-11-22HR00_evid00475.mseed,1973-11-22T05:06:03.677868,18363.01886792453
xa.s12.00.mhz.1973-11-22HR00_evid00475.mseed,1973-11-22T05:32:42.470321,19961.811320754718
xa.s12.00.mhz.1973-11-22HR00_evid00475.mseed,1973-11-22T05:54:18.621264,21257.962264150945
xa.s12.00.mhz.1973-11-22HR00_evid00475.mseed,1973-11-22T06:22:35.074094,22954.415094339623
xa.s12.00.mhz.1973-11-22HR00_evid00475.mseed,1973-11-22T06:32:45.036358,23564.377358490565
xa.s12.00.mhz.1973-11-22HR00_evid00475.mseed,1973-11-22T06:37:56.885415,23876.22641509434
xa.s12.00.mhz.1973-11-22HR00_evid00475.mseed,1973-11-22T06:42:39.300509,24158.64150943396
xa.s12.00.mhz.1973-11-22HR00_evid00475.mseed,1973-11-22T07:35:35.149566,27334.490566037737
xa.s12.00.mhz.1973-11-22HR00_evid00475.mseed,1973-11-22T07:53:28.055226,28407.396226415094
xa.s12.00.mhz.1973-11-22HR00_evid00475.mseed,1973-11-22T08:03:59.753340,29039.094339622643
xa.s12.00.mhz.1973-11-22HR00_evid00475.mseed,1973-11-22T08:15:58.847679,29758.188679245282
xa.s12.00.mhz.1973-11-22HR00_evid00475.mseed,1973-11-22T08:38:08.960887,31088.30188679245
xa.s12.00.mhz.1973-11-22HR00_evid00475.mseed,1973-11-22T11:35:59.300509,41758.64150943396
xa.s12.00.mhz.1973-11-22HR00_evid00475.mseed,1973-11-22T11:46:06.243906,42365.58490566038
xa.s12.00.mhz.1973-11-22HR00_evid00475.mseed,1973-11-22T11:53:11.602396,42790.943396226416
xa.s12.00.mhz.1973-11-22HR00_evid00475.mseed,1973-11-22T12:22:22.847679,44542.188679245286
xa.s12.00.mhz.1973-11-22HR00_evid00475.mseed,1973-11-22T12:31:34.394849,45093.735849056604
xa.s12.00.mhz.1973-11-22HR00_evid00475.mseed,1973-11-22T13:57:00.885415,50220.22641509434
xa.s12.00.mhz.1973-11-22HR00_evid00475.mseed,1973-11-22T15:13:01.187302,54780.52830188679
xa.s12.00.mhz.1973-11-22HR00_evid00475.mseed,1973-11-22T15:42:40.508057,56559.84905660377
xa.s12.00.mhz.1973-11-22HR00_evid00475.mseed,1973-11-22T16:24:38.696736,59078.03773584906
xa.s12.00.mhz.1973-11-22HR00_evid00475.mseed,1973-11-22T16:48:47.602396,60526.943396226416
xa.s12.00.mhz.1973-11-22HR00_evid00475.mseed,1973-11-22T17:51:47.074094,64306.41509433962
xa.s12.00.mhz.1973-11-22HR00_evid00475.mseed,1973-11-22T19:58:21.187302,71900.52830188679
xa.s12.00.mhz.1973-11-22HR00_evid00475.mseed,1973-11-22T21:46:02.319377,78361.6603773585
xa.s12.00.mhz.1973-11-22HR00_evid00475.mseed,1973-11-22T21:59:27.149566,79166.49056603774
xa.s12.00.mhz.1973-11-22HR00_evid00475.mseed,1973-11-22T22:23:06.621264,80585.96226415095
xa.s12.00.mhz.1973-11-22HR00_evid00475.mseed,1973-11-22T22:46:27.375981,81986.71698113208
xa.s12.00.mhz.1972-12-06HR00_evid00342.mseed,1972-12-06T00:13:41.551075,821.1320754716982
xa.s12.00.mhz.1972-12-06HR00_evid00342.mseed,1972-12-06T03:26:15.664283,12375.245283018869
xa.s12.00.mhz.1972-12-06HR00_evid00342.mseed,1972-12-06T08:41:00.494472,31260.075471698114
xa.s12.00.mhz.1972-12-06HR00_evid00342.mseed,1972-12-06T09:48:16.569943,35296.15094339623
xa.s12.00.mhz.1972-12-06HR00_evid00342.mseed,1972-12-06T10:10:11.588811,36611.16981132075
xa.s12.00.mhz.1972-12-06HR00_evid00342.mseed,1972-12-06T11:40:16.871830,42016.45283018868
xa.s12.00.mhz.1972-12-06HR00_evid00342.mseed,1972-12-06T12:43:37.777491,45817.35849056604
xa.s12.00.mhz.1972-12-06HR00_evid00342.mseed,1972-12-06T13:27:23.135981,48442.71698113208
xa.s12.00.mhz.1972-12-06HR00_evid00342.mseed,1972-12-06T17:56:27.437868,64587.018867924526
xa.s12.00.mhz.1972-12-06HR00_evid00342.mseed,1972-12-06T19:00:23.664283,68423.24528301887
xa.s12.00.mhz.1972-12-06HR00_evid00342.mseed,1972-12-06T19:54:18.532208,71658.11320754717
xa.s12.00.mhz.1972-12-06HR00_evid00342.mseed,1972-12-06T20:06:53.098245,72412.67924528301
xa.s12.00.mhz.1972-12-06HR00_evid00342.mseed,1972-12-06T20:30:48.720887,73848.30188679245
xa.s12.00.mhz.1972-12-06HR00_evid00342.mseed,1972-12-06T20:44:22.758623,74662.3396226415
xa.s12.00.mhz.1972-12-06HR00_evid00342.mseed,1972-12-06T21:05:30.683151,75930.2641509434
xa.s12.00.mhz.1972-12-06HR00_evid00342.mseed,1972-12-06T21:15:22.381264,76521.96226415095
xa.s12.00.mhz.1972-12-06HR00_evid00342.mseed,1972-12-06T21:33:48.796358,77628.37735849057
xa.s12.00.mhz.1972-12-06HR00_evid00342.mseed,1972-12-06T22:09:34.607679,79774.18867924529
xa.s12.00.mhz.1970-07-27HR00_evid00039.mseed,1970-07-27T00:12:51.697811,771.1698113207547
xa.s12.00.mhz.1970-07-27HR00_evid00039.mseed,1970-07-27T00:52:26.339321,3145.811320754717
xa.s12.00.mhz.1970-07-27HR00_evid00039.mseed,1970-07-27T01:31:25.207245,5484.679245283019
xa.s12.00.mhz.1970-07-27HR00_evid00039.mseed,1970-07-27T02:12:56.678943,7976.1509433962265
xa.s12.00.mhz.1970-07-27HR00_evid00039.mseed,1970-07-27T02:32:57.282717,9176.754716981131
xa.s12.00.mhz.1970-07-27HR00_evid00039.mseed,1970-07-27T02:46:30.565736,9990.037735849057
xa.s12.00.mhz.1970-07-27HR00_evid00039.mseed,1970-07-27T02:57:11.622340,10631.094339622641
xa.s12.00.mhz.1970-07-27HR00_evid00039.mseed,1970-07-27T03:40:30.414792,13229.88679245283
xa.s12.00.mhz.1970-07-27HR00_evid00039.mseed,1970-07-27T05:32:53.207245,19972.67924528302
xa.s12.00.mhz.1970-07-27HR00_evid00039.mseed,1970-07-27T05:45:53.735547,20753.20754716981
xa.s12.00.mhz.1970-07-27HR00_evid00039.mseed,1970-07-27T05:55:31.999698,21331.471698113208
xa.s12.00.mhz.1970-07-27HR00_evid00039.mseed,1970-07-27T06:05:30.339321,21929.811320754718
xa.s12.00.mhz.1970-07-27HR00_evid00039.mseed,1970-07-27T06:20:48.528000,22848.0
xa.s12.00.mhz.1970-07-27HR00_evid00039.mseed,1970-07-27T09:25:52.075170,33951.54716981132
xa.s12.00.mhz.1970-07-27HR00_evid00039.mseed,1970-07-27T11:19:18.565736,40758.03773584906
xa.s12.00.mhz.1970-07-27HR00_evid00039.mseed,1970-07-27T11:30:11.697811,41411.16981132075
xa.s12.00.mhz.1970-07-27HR00_evid00039.mseed,1970-07-27T11:45:47.697811,42347.16981132075
xa.s12.00.mhz.1970-07-27HR00_evid00039.mseed,1970-07-27T11:56:36.754415,42996.22641509434
xa.s12.00.mhz.1970-07-27HR00_evid00039.mseed,1970-07-27T14:05:57.207245,50756.67924528302
xa.s12.00.mhz.1970-07-27HR00_evid00039.mseed,1970-07-27T14:15:44.377057,51343.84905660377
xa.s12.00.mhz.1970-07-27HR00_evid00039.mseed,1970-07-27T16:05:13.131774,57912.6037735849
xa.s12.00.mhz.1970-07-27HR00_evid00039.mseed,1970-07-27T16:26:53.056302,59212.52830188679
xa.s12.00.mhz.1970-07-27HR00_evid00039.mseed,1970-07-27T16:39:57.811019,59997.28301886792
xa.s12.00.mhz.1970-07-27HR00_evid00039.mseed,1970-07-27T17:29:07.395925,62946.8679245283
xa.s12.00.mhz.1970-07-27HR00_evid00039.mseed,1970-07-27T23:15:49.509132,83748.98113207547
xa.s12.00.mhz.1970-07-27HR00_evid00039.mseed,1970-07-27T23:22:35.244981,84154.71698113208
xa.s12.00.mhz.1970-07-17HR00_evid00035.mseed,1970-07-17T00:10:00.529057,599.8490566037735
xa.s12.00.mhz.1970-07-17HR00_evid00035.mseed,1970-07-17T03:44:13.359245,13452.67924528302
xa.s12.00.mhz.1970-07-17HR00_evid00035.mseed,1970-07-17T05:05:16.755472,18316.075471698114
xa.s12.00.mhz.1971-01-17HR00_evid00060.mseed,1971-01-17T00:10:00.007057,599.8490566037735
xa.s12.00.mhz.1971-01-17HR00_evid00060.mseed,1971-01-17T03:16:04.384415,11764.22641509434
xa.s12.00.mhz.1971-01-17HR00_evid00060.mseed,1971-01-17T04:01:10.044792,14469.88679245283
xa.s12.00.mhz.1971-01-17HR00_evid00060.mseed,1971-01-17T07:30:26.724038,27026.56603773585
xa.s12.00.mhz.1971-01-17HR00_evid00060.mseed,1971-01-17T09:01:36.761774,32496.603773584906
xa.s12.00.mhz.1971-01-17HR00_evid00060.mseed,1971-01-17T09:14:47.856113,33287.698113207545
xa.s12.00.mhz.1971-01-17HR00_evid00060.mseed,1971-01-17T09:41:21.667434,34881.50943396227
xa.s12.00.mhz.1971-01-17HR00_evid00060.mseed,1971-01-17T13:53:33.893849,50013.735849056604
xa.s12.00.mhz.1971-01-17HR00_evid00060.mseed,1971-01-17T14:21:03.252340,51663.09433962264
xa.s12.00.mhz.1971-01-17HR00_evid00060.mseed,1971-01-17T14:44:59.931585,53099.77358490566
xa.s12.00.mhz.1971-01-17HR00_evid00060.mseed,1971-01-17T15:09:07.025925,54546.8679245283
xa.s12.00.mhz.1971-01-17HR00_evid00060.mseed,1971-01-17T15:13:08.837245,54788.67924528302
xa.s12.00.mhz.1971-01-17HR00_evid00060.mseed,1971-01-17T17:55:15.478755,64515.32075471698
xa.s12.00.mhz.1971-01-17HR00_evid00060.mseed,1971-01-17T20:55:54.573094,75354.41509433962
xa.s12.00.mhz.1971-01-17HR00_evid00060.mseed,1971-01-17T21:43:28.610830,78208.45283018867
xa.s12.00.mhz.1971-01-17HR00_evid00060.mseed,1971-01-17T21:54:33.214604,78873.05660377358
xa.s12.00.mhz.1971-01-17HR00_evid00060.mseed,1971-01-17T22:07:09.139132,79628.98113207547
xa.s12.00.mhz.1974-06-30HR00_evid00543.mseed,1974-06-30T00:10:00.111057,599.8490566037735
xa.s12.00.mhz.1974-06-30HR00_evid00543.mseed,1974-06-30T06:59:49.997849,25189.735849056604
xa.s12.00.mhz.1974-06-30HR00_evid00543.mseed,1974-06-30T14:10:34.375208,51034.11320754717
xa.s12.00.mhz.1974-06-30HR00_evid00543.mseed,1974-06-30T22:29:04.563887,80944.30188679245
xa.s12.00.mhz.1974-06-30HR00_evid00543.mseed,1974-06-30T22:41:13.922377,81673.6603773585
xa.s12.00.mhz.1974-06-30HR00_evid00543.mseed,1974-06-30T22:45:33.695962,81933.43396226416
xa.s12.00.mhz.1974-06-30HR00_evid00543.mseed,1974-06-30T22:58:37.846906,82717.58490566038
xa.s12.00.mhz.1974-06-30HR00_evid00543.mseed,1974-06-30T23:23:14.375208,84194.11320754717
xa.s12.00.mhz.1974-06-30HR00_evid00543.mseed,1974-06-30T23:50:14.752566,85814.49056603774
xa.s12.00.mhz.1970-10-26HR00_evid00049.mseed,1970-10-26T00:09:59.986057,599.8490566037735
xa.s12.00.mhz.1970-10-26HR00_evid00049.mseed,1970-10-26T00:45:53.344547,2753.2075471698113
xa.s12.00.mhz.1970-10-26HR00_evid00049.mseed,1970-10-26T01:15:31.155868,4531.018867924528
xa.s12.00.mhz.1970-10-26HR00_evid00049.mseed,1970-10-26T04:48:11.608698,17291.471698113208
xa.s12.00.mhz.1970-10-26HR00_evid00049.mseed,1970-10-26T07:27:01.872849,26821.735849056604
xa.s12.00.mhz.1970-10-26HR00_evid00049.mseed,1970-10-26T07:44:54.476623,27894.33962264151
xa.s12.00.mhz.1970-10-26HR00_evid00049.mseed,1970-10-26T08:37:35.382283,31055.245283018867
xa.s12.00.mhz.1970-10-26HR00_evid00049.mseed,1970-10-26T10:32:09.948321,37929.811320754714
xa.s12.00.mhz.1970-10-26HR00_evid00049.mseed,1970-10-26T14:21:21.344547,51681.20754716981
xa.s12.00.mhz.1970-10-26HR00_evid00049.mseed,1970-10-26T15:06:51.004925,54410.8679245283
xa.s12.00.mhz.1970-10-26HR00_evid00049.mseed,1970-10-26T15:26:52.363415,55612.22641509434
xa.s12.00.mhz.1970-10-26HR00_evid00049.mseed,1970-10-26T16:15:55.155868,58555.018867924526
xa.s12.00.mhz.1970-10-26HR00_evid00049.mseed,1970-10-26T16:33:21.344547,59601.20754716981
xa.s12.00.mhz.1970-10-26HR00_evid00049.mseed,1970-10-26T16:50:02.401151,60602.264150943396
xa.s12.00.mhz.1972-01-26HR00_evid00186.mseed,1972-01-26T00:10:40.790830,640.4528301886793
xa.s12.00.mhz.1972-01-26HR00_evid00186.mseed,1972-01-26T01:08:48.941774,4128.603773584906
xa.s12.00.mhz.1972-01-26HR00_evid00186.mseed,1972-01-26T01:17:45.696491,4665.358490566037
xa.s12.00.mhz.1972-01-26HR00_evid00186.mseed,1972-01-26T01:34:56.639887,5696.301886792453
xa.s12.00.mhz.1972-01-26HR00_evid00186.mseed,1972-01-26T01:56:29.771962,6989.433962264151
xa.s12.00.mhz.1972-01-26HR00_evid00186.mseed,1972-01-26T03:14:18.451208,11658.11320754717
xa.s12.00.mhz.1972-01-26HR00_evid00186.mseed,1972-01-26T05:13:48.262528,18827.924528301886
xa.s12.00.mhz.1972-01-26HR00_evid00186.mseed,1972-01-26T07:00:33.696491,25233.35849056604
xa.s12.00.mhz.1972-01-26HR00_evid00186.mseed,1972-01-26T10:32:50.451208,37970.11320754717
xa.s12.00.mhz.1972-01-26HR00_evid00186.mseed,1972-01-26T15:00:56.790830,54056.45283018868
xa.s12.00.mhz.1972-01-26HR00_evid00186.mseed,1972-01-26T16:58:40.941774,61120.6037735849
xa.s12.00.mhz.1972-01-26HR00_evid00186.mseed,1972-01-26T20:28:35.205925,73714.8679245283
xa.s12.00.mhz.1972-01-26HR00_evid00186.mseed,1972-01-26T20:37:44.941774,74264.60377358491
xa.s12.00.mhz.1972-01-26HR00_evid00186.mseed,1972-01-26T21:15:27.432340,76527.09433962264
xa.s12.00.mhz.1972-01-26HR00_evid00186.mseed,1972-01-26T21:27:54.602151,77274.2641509434
xa.s12.00.mhz.1972-01-26HR00_evid00186.mseed,1972-01-26T21:35:26.375736,77726.03773584905
xa.s12.00.mhz.1972-01-26HR00_evid00186.mseed,1972-01-26T22:31:10.979509,81070.64150943396
xa.s12.00.mhz.1970-02-07HR00_evid00014.mseed,1970-02-07T00:10:00.420057,599.8490566037735
xa.s12.00.mhz.1970-02-07HR00_evid00014.mseed,1970-02-07T16:30:23.061566,59422.49056603773
xa.s12.00.mhz.1970-02-07HR00_evid00014.mseed,1970-02-07T16:56:14.155906,60973.58490566038
xa.s12.00.mhz.1970-02-07HR00_evid00014.mseed,1970-02-07T19:42:30.306849,70949.7358490566
xa.s12.00.mhz.1970-02-07HR00_evid00014.mseed,1970-02-07T21:44:54.155906,78293.58490566038
xa.s12.00.mhz.1970-02-07HR00_evid00014.mseed,1970-02-07T22:29:20.872887,80960.30188679245
xa.s12.00.mhz.1970-05-20HR00_evid00026.mseed,1970-05-20T00:11:14.737208,674.1132075471698
xa.s12.00.mhz.1970-05-20HR00_evid00026.mseed,1970-05-20T00:33:25.152302,2004.5283018867924
xa.s12.00.mhz.1970-05-20HR00_evid00026.mseed,1970-05-20T01:07:23.642868,4043.0188679245284
xa.s12.00.mhz.1970-05-20HR00_evid00026.mseed,1970-05-20T01:30:09.378717,5408.754716981132
xa.s12.00.mhz.1970-05-20HR00_evid00026.mseed,1970-05-20T01:46:41.680604,6401.056603773585
xa.s12.00.mhz.1970-05-20HR00_evid00026.mseed,1970-05-20T03:19:23.190038,11962.566037735849
xa.s12.00.mhz.1970-05-20HR00_evid00026.mseed,1970-05-20T03:53:04.322113,13983.698113207547
xa.s12.00.mhz.1970-05-20HR00_evid00026.mseed,1970-05-20T04:06:53.756075,14813.132075471698
xa.s12.00.mhz.1970-05-20HR00_evid00026.mseed,1970-05-20T04:21:16.850415,15676.22641509434
xa.s12.00.mhz.1970-05-20HR00_evid00026.mseed,1970-05-20T04:57:36.322113,17855.69811320755
xa.s12.00.mhz.1970-05-20HR00_evid00026.mseed,1970-05-20T05:27:32.850415,19652.22641509434
xa.s12.00.mhz.1970-05-20HR00_evid00026.mseed,1970-05-20T05:40:31.114566,20430.490566037737
xa.s12.00.mhz.1970-05-20HR00_evid00026.mseed,1970-05-20T05:58:06.510792,21485.88679245283
xa.s12.00.mhz.1970-05-20HR00_evid00026.mseed,1970-05-20T06:17:09.152302,22628.528301886792
xa.s12.00.mhz.1970-05-20HR00_evid00026.mseed,1970-05-20T06:41:07.340981,24066.716981132075
xa.s12.00.mhz.1970-05-20HR00_evid00026.mseed,1970-05-20T07:28:37.907019,26917.283018867925
xa.s12.00.mhz.1970-05-20HR00_evid00026.mseed,1970-05-20T07:48:04.548528,28083.924528301886
xa.s12.00.mhz.1970-05-20HR00_evid00026.mseed,1970-05-20T08:03:09.152302,28988.528301886792
xa.s12.00.mhz.1970-05-20HR00_evid00026.mseed,1970-05-20T08:40:14.510792,31213.88679245283
xa.s12.00.mhz.1970-05-20HR00_evid00026.mseed,1970-05-20T09:26:23.416453,33982.79245283019
xa.s12.00.mhz.1970-05-20HR00_evid00026.mseed,1970-05-20T09:41:52.473057,34911.84905660377
xa.s12.00.mhz.1970-05-20HR00_evid00026.mseed,1970-05-20T09:46:10.133434,35169.50943396227
xa.s12.00.mhz.1970-05-20HR00_evid00026.mseed,1970-05-20T10:08:58.284377,36537.660377358494
xa.s12.00.mhz.1970-05-20HR00_evid00026.mseed,1970-05-20T10:21:50.812679,37310.188679245286
xa.s12.00.mhz.1970-05-20HR00_evid00026.mseed,1970-05-20T10:31:39.642868,37899.018867924526
xa.s12.00.mhz.1970-05-20HR00_evid00026.mseed,1970-05-20T11:04:51.340981,39890.71698113208
xa.s12.00.mhz.1970-05-20HR00_evid00026.mseed,1970-05-20T11:43:26.057962,42205.43396226415
xa.s12.00.mhz.1970-05-20HR00_evid00026.mseed,1970-05-20T12:49:21.529660,46160.90566037736
xa.s12.00.mhz.1970-05-20HR00_evid00026.mseed,1970-05-20T13:51:24.095698,49883.47169811321
xa.s12.00.mhz.1970-05-20HR00_evid00026.mseed,1970-05-20T14:01:32.397585,50491.77358490566
xa.s12.00.mhz.1970-03-30HR00_evid00020.mseed,1970-03-30T00:12:15.427916,726.0377358490566
xa.s12.00.mhz.1970-03-30HR00_evid00020.mseed,1970-03-30T00:22:20.710935,1331.3207547169811
xa.s12.00.mhz.1970-03-30HR00_evid00020.mseed,1970-03-30T00:34:40.333576,2070.943396226415
xa.s12.00.mhz.1970-03-30HR00_evid00020.mseed,1970-03-30T00:48:00.333576,2870.943396226415
xa.s12.00.mhz.1970-03-30HR00_evid00020.mseed,1970-03-30T07:31:56.107161,27106.716981132075
xa.s12.00.mhz.1970-03-30HR00_evid00020.mseed,1970-03-30T20:30:54.069425,73844.67924528301
xa.s15.00.mhz.1973-08-10HR00_evid00126.mseed,1973-08-10T00:10:00.355057,599.8490566037735
xa.s15.00.mhz.1973-08-10HR00_evid00126.mseed,1973-08-10T15:59:41.336189,57580.83018867925
xa.s15.00.mhz.1973-04-04HR00_evid00098.mseed,1973-04-04T01:09:42.785248,599.8490566037735
xa.s15.00.mhz.1973-04-04HR00_evid00098.mseed,1973-04-04T02:31:38.558833,5515.622641509434
xa.s15.00.mhz.1973-04-04HR00_evid00098.mseed,1973-04-04T03:08:00.445625,7697.509433962264
xa.s15.00.mhz.1973-04-04HR00_evid00098.mseed,1973-04-04T13:20:24.898455,44441.96226415094
xa.s15.00.mhz.1973-04-04HR00_evid00098.mseed,1973-04-04T13:48:33.653172,46130.71698113208
xa.s15.00.mhz.1973-04-04HR00_evid00098.mseed,1973-04-04T14:03:30.407889,47027.47169811321
xa.s15.00.mhz.1973-04-04HR00_evid00098.mseed,1973-04-04T14:23:55.464493,48252.52830188679
xa.s15.00.mhz.1973-04-04HR00_evid00098.mseed,1973-04-04T14:46:58.106002,49635.16981132075
xa.s15.00.mhz.1973-04-04HR00_evid00098.mseed,1973-04-04T15:12:29.728644,51166.79245283019
xa.s15.00.mhz.1973-04-04HR00_evid00098.mseed,1973-04-04T16:17:01.879587,55038.943396226416
xa.s15.00.mhz.1975-04-12HR00_evid00190.mseed,1975-04-12T18:16:00.518000,65760.0
xa.s15.00.mhz.1975-05-20HR00_evid00653.mseed,1975-05-20T00:10:00.342057,599.8490566037735
xa.s15.00.mhz.1975-05-20HR00_evid00653.mseed,1975-05-20T03:01:23.511868,10883.018867924528
xa.s15.00.mhz.1975-05-20HR00_evid00653.mseed,1975-05-20T17:40:33.549604,63633.056603773584
xa.s16.00.mhz.1972-09-10HR00_evid00075.mseed,1972-09-10T00:10:00.224057,599.8490566037735
xa.s16.00.mhz.1972-09-10HR00_evid00075.mseed,1972-09-10T17:47:57.658019,64077.28301886792
xa.s16.00.mhz.1972-09-10HR00_evid00075.mseed,1972-09-10T20:19:32.299528,73171.92452830188
xa.s16.00.mhz.1972-11-14HR00_evid00081.mseed,1972-11-14T00:10:00.045057,599.8490566037735
xa.s16.00.mhz.1972-11-14HR00_evid00081.mseed,1972-11-14T07:49:20.196000,28160.0
xa.s16.00.mhz.1973-07-31HR00_evid00123.mseed,1973-07-31T00:10:00.377057,599.8490566037735
xa.s16.00.mhz.1973-07-31HR00_evid00123.mseed,1973-07-31T00:34:14.414792,2053.8867924528304
xa.s16.00.mhz.1973-07-31HR00_evid00123.mseed,1973-07-31T01:11:12.377057,4271.8490566037735
xa.s16.00.mhz.1973-07-31HR00_evid00123.mseed,1973-07-31T03:04:04.150642,11043.622641509433
xa.s16.00.mhz.1973-07-31HR00_evid00123.mseed,1973-07-31T03:30:58.792151,12658.264150943396
xa.s16.00.mhz.1973-07-31HR00_evid00123.mseed,1973-07-31T03:53:39.697811,14019.169811320755
xa.s16.00.mhz.1973-07-31HR00_evid00123.mseed,1973-07-31T04:15:17.961962,15317.433962264151
xa.s16.00.mhz.1973-07-31HR00_evid00123.mseed,1973-07-31T04:32:25.131774,16344.603773584906
xa.s16.00.mhz.1973-07-31HR00_evid00123.mseed,1973-07-31T06:59:00.301585,25139.77358490566
xa.s16.00.mhz.1973-07-31HR00_evid00123.mseed,1973-07-31T07:33:15.244981,27194.716981132075
xa.s16.00.mhz.1973-07-31HR00_evid00123.mseed,1973-07-31T07:59:53.584604,28793.056603773584
xa.s16.00.mhz.1973-07-31HR00_evid00123.mseed,1973-07-31T08:28:15.018566,30494.490566037737
xa.s16.00.mhz.1973-07-31HR00_evid00123.mseed,1973-07-31T09:01:57.056302,32516.528301886792
xa.s16.00.mhz.1973-07-31HR00_evid00123.mseed,1973-07-31T09:37:04.075170,34623.54716981132
xa.s16.00.mhz.1973-07-31HR00_evid00123.mseed,1973-07-31T09:53:00.452528,35579.92452830189
xa.s16.00.mhz.1973-07-31HR00_evid00123.mseed,1973-07-31T11:01:06.188377,39665.660377358494
xa.s16.00.mhz.1973-07-31HR00_evid00123.mseed,1973-07-31T11:17:32.603472,40652.07547169811
xa.s16.00.mhz.1973-07-31HR00_evid00123.mseed,1973-07-31T11:37:50.867623,41870.339622641506
xa.s16.00.mhz.1973-07-31HR00_evid00123.mseed,1973-07-31T11:55:57.660075,42957.1320754717
xa.s16.00.mhz.1973-07-31HR00_evid00123.mseed,1973-07-31T12:19:47.546868,44387.018867924526
xa.s16.00.mhz.1973-07-31HR00_evid00123.mseed,1973-07-31T12:39:11.773283,45551.24528301887
xa.s16.00.mhz.1973-07-31HR00_evid00123.mseed,1973-07-31T13:43:50.112906,49429.58490566038
xa.s16.00.mhz.1973-07-31HR00_evid00123.mseed,1973-07-31T13:55:07.999698,50107.47169811321
xa.s16.00.mhz.1973-07-31HR00_evid00123.mseed,1973-07-31T20:19:54.490264,73193.96226415095
xa.s16.00.mhz.1973-07-31HR00_evid00123.mseed,1973-07-31T20:46:16.829887,74776.30188679245
xa.s16.00.mhz.1973-07-31HR00_evid00123.mseed,1973-07-31T21:12:47.773283,76367.24528301887
xa.s16.00.mhz.1973-07-31HR00_evid00123.mseed,1973-07-31T21:55:54.792151,78954.2641509434
xa.s16.00.mhz.1974-05-19HR00_evid00146.mseed,1974-05-19T00:24:21.886019,1461.2830188679245
xa.s16.00.mhz.1974-05-19HR00_evid00146.mseed,1974-05-19T01:15:00.678472,4500.075471698113
xa.s16.00.mhz.1974-05-19HR00_evid00146.mseed,1974-05-19T04:36:47.244509,16606.64150943396
xa.s16.00.mhz.1974-05-19HR00_evid00146.mseed,1974-05-19T05:09:49.131302,18588.528301886792
xa.s16.00.mhz.1974-05-19HR00_evid00146.mseed,1974-05-19T08:09:56.074698,29395.471698113208
xa.s16.00.mhz.1974-05-19HR00_evid00146.mseed,1974-05-19T08:44:05.433189,31444.830188679247
xa.s16.00.mhz.1974-05-19HR00_evid00146.mseed,1974-05-19T10:04:08.150170,36247.54716981132
xa.s16.00.mhz.1974-05-19HR00_evid00146.mseed,1974-05-19T10:16:29.433189,36988.83018867925
xa.s16.00.mhz.1974-05-19HR00_evid00146.mseed,1974-05-19T10:34:26.112434,38065.50943396227
xa.s16.00.mhz.1974-05-19HR00_evid00146.mseed,1974-05-19T12:20:19.018094,44418.41509433962
xa.s16.00.mhz.1974-05-19HR00_evid00146.mseed,1974-05-19T16:52:21.735075,60741.1320754717
xa.s16.00.mhz.1975-02-19HR00_evid00180.mseed,1975-02-19T00:10:00.405057,599.8490566037735
xa.s16.00.mhz.1975-02-19HR00_evid00180.mseed,1975-02-19T14:04:11.725811,50651.16981132075
xa.s16.00.mhz.1977-04-17HR00_evid00249.mseed,1977-04-17T00:12:19.421868,739.0188679245283
xa.s16.00.mhz.1977-04-17HR00_evid00249.mseed,1977-04-17T10:32:23.799226,37943.3962264151
xa.s16.00.mhz.1977-04-17HR00_evid00249.mseed,1977-04-17T23:38:49.308660,85128.90566037736
xa.s16.00.mhz.1977-06-02HR00_evid00255.mseed,1977-06-02T00:10:00.013057,599.8490566037735
xa.s16.00.mhz.1977-06-02HR00_evid00255.mseed,1977-06-02T14:27:50.654566,52070.49056603773
xa.s16.00.mhz.1977-06-02HR00_evid00255.mseed,1977-06-02T17:34:11.937585,63251.77358490566
xa.s16.00.mhz.1973-12-18HR00_evid00487.mseed,1973-12-18T00:12:09.283604,729.0566037735849
xa.s16.00.mhz.1973-12-18HR00_evid00487.mseed,1973-12-18T01:02:22.264736,3742.0377358490564
xa.s16.00.mhz.1973-12-18HR00_evid00487.mseed,1973-12-18T02:03:26.264736,7406.037735849057
xa.s16.00.mhz.1973-12-18HR00_evid00487.mseed,1973-12-18T02:33:16.755302,9196.528301886792
xa.s16.00.mhz.1973-12-18HR00_evid00487.mseed,1973-12-18T15:08:04.453415,54484.22641509434
